,title,link,create_time
41,众志成山，武华成川,http://mp.weixin.qq.com/s?__biz=MzA5MjM3MzUxMA==&mid=2655710008&idx=1&sn=771545693709441cd60eb2883cb220f7&chksm=8bd05c51bca7d54759ed5117fdf0709853426fec53b3c7449f80ab82c2f4c79f2a4a3dc2a054#rd,2020/3/31 19:48
42,2020年高考延期后有哪些新安排？教育部十问答详解,http://mp.weixin.qq.com/s?__biz=MzA5MjM3MzUxMA==&mid=2655710004&idx=1&sn=2305b149e13a41ffd9cf0dd4c780b686&chksm=8bd05c5dbca7d54b65ff5cb910d465e1e5de4a859630a3cf355b9ba0a7fa6ef82f1bc85bf5b1#rd,2020/3/31 17:22
43,谢谢您，李兰娟院士！,http://mp.weixin.qq.com/s?__biz=MzA5MjM3MzUxMA==&mid=2655709995&idx=1&sn=7c6d85a5c8c41c98f5af41be242cb8b1&chksm=8bd05c42bca7d5547e23b9c0c2bcb2c141404852781c3d8a3a7ebb170296288f540680153756#rd,2020/3/31 15:39
44,高考延期一个月，湖北待定！,http://mp.weixin.qq.com/s?__biz=MzA5MjM3MzUxMA==&mid=2655709983&idx=1&sn=77fc2158c8b0b11d1d73984758f1c053&chksm=8bd05c76bca7d5604b56d9e42bb92c4d9ab1aa9066dc8e4873c8c232632f7d3318fcb0840d26#rd,2020/3/31 11:58
45,珞珈山“值守日记”,http://mp.weixin.qq.com/s?__biz=MzA5MjM3MzUxMA==&mid=2655709978&idx=1&sn=f2ab1957986dec43c0a394d7c860c3ec&chksm=8bd05c73bca7d5652e0e3e55fc60e95cfc056d0cb11a0e0f3a56f3251b979d6c8e237669efa6#rd,2020/3/31 10:11
46,ICU“黄金搭档”：一起救人，一起写诗,http://mp.weixin.qq.com/s?__biz=MzA5MjM3MzUxMA==&mid=2655709947&idx=1&sn=484f94fb6797b5ad58efbc5e2935fb9c&chksm=8bd05d92bca7d484f6de3164fedcc0116015b1fb61a9a184ac248a4f58f196cbf67295925189#rd,2020/3/30 18:32
47,??1090，撤离雷神山！,http://mp.weixin.qq.com/s?__biz=MzA5MjM3MzUxMA==&mid=2655709945&idx=1&sn=a61842b93ffefc99190e371dbdfe8f73&chksm=8bd05d90bca7d486bbde76b8057460f6aa2883369d256450709ba3dd789656432ba0bb78ea4f#rd,2020/3/30 14:45
48,一朵樱花的梦想,http://mp.weixin.qq.com/s?__biz=MzA5MjM3MzUxMA==&mid=2655709926&idx=1&sn=85077b3ef5a66102f9183a2769a6fd38&chksm=8bd05d8fbca7d4991e5fb8967dabcf3f3d63aac88f69b648f2743d6b01beed5f8dc800ff781a#rd,2020/3/30 10:04
49,是家，是珈,http://mp.weixin.qq.com/s?__biz=MzA5MjM3MzUxMA==&mid=2655709914&idx=1&sn=ce71db63080529bf7e36958002b8934a&chksm=8bd05db3bca7d4a591400e96f140daceff99890c3fb041a381fec8437ae733a1a473a84f9694#rd,2020/3/29 21:05
50,快来为武大向上向善好青年点赞！,http://mp.weixin.qq.com/s?__biz=MzA5MjM3MzUxMA==&mid=2655709894&idx=1&sn=6b4201db992cb28c8a846bdb48339598&chksm=8bd05dafbca7d4b98765e1b6b06fd9b4371317861c78928d5c8ae2b4f109c9da08ccb460a48c#rd,2020/3/29 18:26
51,祝贺 | 8个新冠肺炎病区关闭,http://mp.weixin.qq.com/s?__biz=MzA5MjM3MzUxMA==&mid=2655709881&idx=1&sn=16e30a5edf865d16bfaa24fc276fc791&chksm=8bd05dd0bca7d4c6c1307a3faa3f93885a3e7a67c3697d9b43ca9c05dff1607eaea03ba3e526#rd,2020/3/29 14:08
52,35张图，铭记每一个你,http://mp.weixin.qq.com/s?__biz=MzA5MjM3MzUxMA==&mid=2655709873&idx=1&sn=4a46279f598df4cb73e0b4201e124df6&chksm=8bd05dd8bca7d4ce2cacfb60bb9ec9784a34d87816e71e0c4202188225e9f32d92cbdc6e1149#rd,2020/3/29 9:48
53,想象，这样一个樱花季,http://mp.weixin.qq.com/s?__biz=MzA5MjM3MzUxMA==&mid=2655709862&idx=1&sn=0f5a6a4a2e59a0686b398e1588f801a9&chksm=8bd05dcfbca7d4d94e7502a43f0bd5aa8dcb371638b9a260d432d32447a295ec9d4a2c73d39d#rd,2020/3/28 22:34
54,我用《祝福》回答美好,http://mp.weixin.qq.com/s?__biz=MzA5MjM3MzUxMA==&mid=2655709859&idx=1&sn=d3a2ef2995090424b4747a0ac71603a9&chksm=8bd05dcabca7d4dc6a9f0653cbf66d74e6c83e3f943056089ef6900a91ff7188290ca8bdeca1#rd,2020/3/28 19:54
55,此生不悔入珞珈,http://mp.weixin.qq.com/s?__biz=MzA5MjM3MzUxMA==&mid=2655709858&idx=1&sn=bcbd1b28967e5235a07be6d33cf90780&chksm=8bd05dcbbca7d4ddbeab2e94272afb8934e69bd4d31f908c43a43b8ad75f66afd69703ce7952#rd,2020/3/28 16:32
56,等不到人海的樱花，谢了,http://mp.weixin.qq.com/s?__biz=MzA5MjM3MzUxMA==&mid=2655709820&idx=1&sn=a608681df07680a05791c0f517162ec2&chksm=8bd05d15bca7d403a46e636ea78cbc6e09d59f42d0f5635df4dfc8bea9fea30ae79bd6c5753d#rd,2020/3/28 10:30
57,“解封”后，你最想做……,http://mp.weixin.qq.com/s?__biz=MzA5MjM3MzUxMA==&mid=2655709812&idx=1&sn=719cacfa8f278ad9ecebf527218d98cf&chksm=8bd05d1dbca7d40b0bc8a65b2fe4b2cfaf5c1c63457f53eadd88e34341a49ee381b783d8c5a4#rd,2020/3/27 20:49
58,官宣 | 庚子・珞樱,http://mp.weixin.qq.com/s?__biz=MzA5MjM3MzUxMA==&mid=2655709809&idx=1&sn=73e6244eddc8141e90986b4645a5733a&chksm=8bd05d18bca7d40ebd313c11c2003757e92c3d4b556d1fed6905c433a7ca6e98d3820271499a#rd,2020/3/27 17:03
59,焦点访谈聚焦武大 | 救治在一线，科研当先锋,http://mp.weixin.qq.com/s?__biz=MzA5MjM3MzUxMA==&mid=2655709808&idx=1&sn=561bb8524b9abb3ee5d9179e9cebe4e1&chksm=8bd05d19bca7d40f3bc1a765f997e36c48e807ebfbb703d7dab6726ae72426315538c4579a7f#rd,2020/3/27 15:29
60,中国“策”，战危机,http://mp.weixin.qq.com/s?__biz=MzA5MjM3MzUxMA==&mid=2655709781&idx=1&sn=ff51d078cebd6c120a0eb85285230345&chksm=8bd05d3cbca7d42a441abdb1855c427c24aa00434a156c628e3c1b2d2da0dd27d94760326ee5#rd,2020/3/27 10:30
61,樱为你，定格！,http://mp.weixin.qq.com/s?__biz=MzA5MjM3MzUxMA==&mid=2655709778&idx=1&sn=0a6a216db29cba5bedf3149b0b2b0eb5&chksm=8bd05d3bbca7d42d713b5f05aeb621d86f4212b56ebacace996974d6b4bd97681ad95d5cc37d#rd,2020/3/26 20:59
62,听於可训教授讲人对自然的态度 | 武大战疫视频公开课⑤,http://mp.weixin.qq.com/s?__biz=MzA5MjM3MzUxMA==&mid=2655709765&idx=1&sn=d687061b85d071521ca095c00a6eaafe&chksm=8bd05d2cbca7d43a47b11a218cf43531b9f83be1caa673c651754603a850998a9db0775379c7#rd,2020/3/26 16:13
63,“风暴之眼”，首部战“疫”全景纪录片,http://mp.weixin.qq.com/s?__biz=MzA5MjM3MzUxMA==&mid=2655709758&idx=1&sn=ff97cffec1ff9c6ad242a5123dafdca5&chksm=8bd05d57bca7d441ccaadb700cca9c82d6386c72f06e757c968f1f56299418e13f71ab8c8795#rd,2020/3/26 12:21
64,这首歌，唱暖了珞珈山,http://mp.weixin.qq.com/s?__biz=MzA5MjM3MzUxMA==&mid=2655709750&idx=1&sn=d4ae91f1454d61a2f59b9bdb84009a2f&chksm=8bd05d5fbca7d4492968234c5ed09fa25e32fc1d6d5c8ae17ed10e0ca22a0f48bf25eaa6c7c5#rd,2020/3/26 10:01
65,武大校友总会倡议：我为海外校友捐口罩！,http://mp.weixin.qq.com/s?__biz=MzA5MjM3MzUxMA==&mid=2655709740&idx=1&sn=33575d9170d4430011f2d224bdb30c11&chksm=8bd05d45bca7d453c8117148095bd0073855dbba1b102039a3ca14a9cdb84ee9400ca9f73bf8#rd,2020/3/25 20:50
66,樱？雪？,http://mp.weixin.qq.com/s?__biz=MzA5MjM3MzUxMA==&mid=2655709728&idx=1&sn=144e86df827e159f2b931818a9271204&chksm=8bd05d49bca7d45f08d8a4f003673821cc4c4f8dab13e7654068b95453b9ee2dae251057952f#rd,2020/3/25 18:14
67,守护力，正青春,http://mp.weixin.qq.com/s?__biz=MzA5MjM3MzUxMA==&mid=2655709699&idx=1&sn=5f89b23f5598c414abdeed41fc4c14e8&chksm=8bd05d6abca7d47ceca6de6d0a6b7661281dec9729f210e86184caeaad5cbff93090e6bbb523#rd,2020/3/25 14:06
68,一封珈书 | 武汉，我想你了！,http://mp.weixin.qq.com/s?__biz=MzA5MjM3MzUxMA==&mid=2655709684&idx=1&sn=0704695dd56064543e11fdaacc6df65b&chksm=8bd05e9dbca7d78b5cdb0f263c58a7b3ecab7d9a7660f2699d8e58b2d60cd37217701b696525#rd,2020/3/25 9:46
69,@黑龙江高三学妹，请收下这封回信,http://mp.weixin.qq.com/s?__biz=MzA5MjM3MzUxMA==&mid=2655709660&idx=1&sn=a48bb2582136d511cc75f2d16755a3f2&chksm=8bd05eb5bca7d7a3338452bd1f0a1eaa7fa1eaf68dbfc7a15ccc7f386b483c734367569b3553#rd,2020/3/24 20:13
70,病毒长什么样？“毒王”是谁？| 战疫视频公开课④,http://mp.weixin.qq.com/s?__biz=MzA5MjM3MzUxMA==&mid=2655709629&idx=1&sn=3defb60cfe191ec50cadd671a6df192c&chksm=8bd05ed4bca7d7c22ece2fbece8451d254c5f30e710c9970efdb71815bc1bee4f0cfada2b422#rd,2020/3/24 17:25
71,武大校长带你“云”赏樱,http://mp.weixin.qq.com/s?__biz=MzA5MjM3MzUxMA==&mid=2655709568&idx=1&sn=36122d8c1ddc8d5618c4bb27e629ee20&chksm=8bd05ee9bca7d7ff18bb322bb6a5a271b3bf542d491b5f2022a39b5faaf909c9d7fe1356cf0f#rd,2020/3/24 14:18
72,樱花树下的故事，等你来讲,http://mp.weixin.qq.com/s?__biz=MzA5MjM3MzUxMA==&mid=2655709560&idx=1&sn=e6e21bf132bf7ad74fb027986b45fd9e&chksm=8bd05e11bca7d707be3afd74b56f424d43dd9e82ad8a1e977227093008f80b978e9ae18d2fb3#rd,2020/3/24 9:55
73,这花瓣，就是春天,http://mp.weixin.qq.com/s?__biz=MzA5MjM3MzUxMA==&mid=2655709555&idx=1&sn=8fb19dd7b56251326047a57df3cdc624&chksm=8bd05e1abca7d70c1997aaabe010f476628f365eabf7442dd3f8250cdfa5a3f80ac3713b74f5#rd,2020/3/23 22:14
74,铭记，64！8701！,http://mp.weixin.qq.com/s?__biz=MzA5MjM3MzUxMA==&mid=2655709544&idx=1&sn=f78cc4bf6ad9a7d7227d5bb0e9b4d66b&chksm=8bd05e01bca7d717ea3d3042a815f13262894d89498de7a30df5fd1037097ec8309c91650d5e#rd,2020/3/23 19:41
75,我在武汉当医院院长,http://mp.weixin.qq.com/s?__biz=MzA5MjM3MzUxMA==&mid=2655709528&idx=1&sn=b1333ce3ed1ce8c971d59d850aa9ce48&chksm=8bd05e31bca7d7274b754668dcfc01a41a6aff59b43be94a5b2de4b46a978886e3c5a1222ed6#rd,2020/3/23 14:21
76,最美的防护服，送最可爱的人,http://mp.weixin.qq.com/s?__biz=MzA5MjM3MzUxMA==&mid=2655709508&idx=1&sn=98531d706f86877fe3bb05a45ffa4cec&chksm=8bd05e2dbca7d73b74e1a51f60f878a581d837e4fb15db6392ec5f89fadd6c93c83203d792a5#rd,2020/3/23 9:58
77,我有樱花，你有故事吗？,http://mp.weixin.qq.com/s?__biz=MzA5MjM3MzUxMA==&mid=2655709506&idx=1&sn=64bd2cc43801bb83b49bd9af599c75ff&chksm=8bd05e2bbca7d73d46103a0cb0ebc712c1f7f5fd5f8dfa16776e9c098b78d7850e66650573aa#rd,2020/3/22 20:59
78,“樱”为你自豪！,http://mp.weixin.qq.com/s?__biz=MzA5MjM3MzUxMA==&mid=2655709504&idx=1&sn=ed9bbb1c02877251b493279b1ffc2d69&chksm=8bd05e29bca7d73f31e0b7c44f9980d3f02c1ea019db5f8e686e2e7469743afaa03721b3cce6#rd,2020/3/22 18:10
79,任超，新冠疫苗人体注射志愿者,http://mp.weixin.qq.com/s?__biz=MzA5MjM3MzUxMA==&mid=2655709485&idx=1&sn=daa1ea250e190398f3d6c5686f25344e&chksm=8bd05e44bca7d75220435332623d8d90a7c6efd1cdece1b772fcc8c2382a2cdc97dc88dfa662#rd,2020/3/22 13:58
80,@援鄂医疗队，请接受这座城市的敬礼,http://mp.weixin.qq.com/s?__biz=MzA5MjM3MzUxMA==&mid=2655709435&idx=1&sn=09904b2e4060e94ef0e29a3a8a99ad73&chksm=8bd05f92bca7d6845c59f771a6b888fab904c9fd6189b18dd302acc58eee0ad5023501ddb6c7#rd,2020/3/22 9:56
81,这场樱花雨，绝美！,http://mp.weixin.qq.com/s?__biz=MzA5MjM3MzUxMA==&mid=2655709427&idx=1&sn=bc519e61241a16dc1e8aff3aef8b5f22&chksm=8bd05f9abca7d68c717fa8ca16f16baf6a04c432dbc2a043f7051cf1b7e124079a308c2b5fdc#rd,2020/3/21 22:20
82,中国，正在亮起来,http://mp.weixin.qq.com/s?__biz=MzA5MjM3MzUxMA==&mid=2655709392&idx=1&sn=4010893979a710ab13ba67ebe19bb4aa&chksm=8bd05fb9bca7d6afb5a39a8860e04c43a018dac727043eab5dc03c76f8ec721a9aaa45bed234#rd,2020/3/21 18:21
83,武大樱花的前世今生,http://mp.weixin.qq.com/s?__biz=MzA5MjM3MzUxMA==&mid=2655709374&idx=1&sn=353065fcf4f14024dcd8035d12a72679&chksm=8bd05fd7bca7d6c1c68321c6a511ab88208ff1b6519c0dbbe4632ce3ba639ca3f14d85383628#rd,2020/3/21 12:07
84,TA是这样的雷神山！,http://mp.weixin.qq.com/s?__biz=MzA5MjM3MzUxMA==&mid=2655709337&idx=1&sn=586d475ee6c5b1ff20b5a50653d8f8a6&chksm=8bd05ff0bca7d6e6e7514b682afa803cc879f223670c3134f5aee91d6957331a333a63f0b3e9#rd,2020/3/20 20:32
85,珞珈无所有，“云”赠一枝樱,http://mp.weixin.qq.com/s?__biz=MzA5MjM3MzUxMA==&mid=2655709334&idx=1&sn=bf573196b6e3e9553c66099f37fcfbf4&chksm=8bd05fffbca7d6e9a0ef1da19f017acf2cd926817b2d6adf6d7b5e8b968acf4081b746a9ba99#rd,2020/3/20 17:35
86,你看，整座城市都在拼,http://mp.weixin.qq.com/s?__biz=MzA5MjM3MzUxMA==&mid=2655709306&idx=1&sn=95da168c2910fe827fb0b8ab0301430d&chksm=8bd05f13bca7d6053d54d66fc2c594d837828deb2c6fd7779e3c8f594ab491cbfb590f57000f#rd,2020/3/20 13:12
87,春分 | 武大樱花十二时辰,http://mp.weixin.qq.com/s?__biz=MzA5MjM3MzUxMA==&mid=2655709297&idx=1&sn=6930b666a93cccfb46871a2b811d7098&chksm=8bd05f18bca7d60e804240149255e3a9e1c485c82793d8985158a3e1b88177bb13445fc8b668#rd,2020/3/20 9:50
88,12楼没有新闻,http://mp.weixin.qq.com/s?__biz=MzA5MjM3MzUxMA==&mid=2655709264&idx=1&sn=68f722271daac847c9fd533414eead18&chksm=8bd05f39bca7d62f048f49c4a542939987caaaeb3935d9a4d4be725e435fdc4da14b262a68d3#rd,2020/3/19 20:22
89,樱，樱，樱,http://mp.weixin.qq.com/s?__biz=MzA5MjM3MzUxMA==&mid=2655709259&idx=1&sn=ff0ac76067b24e1792d988af2e14f37a&chksm=8bd05f22bca7d63494ae12508641a86b18a7f0c4d128c4f7dc2b2f7a8e9febbf255188af0610#rd,2020/3/19 16:52
90,战疫、抗疫与和疫 | 武大战疫视频公开课③,http://mp.weixin.qq.com/s?__biz=MzA5MjM3MzUxMA==&mid=2655709254&idx=1&sn=2350e0944d489fc97aa07afc1adb7f0a&chksm=8bd05f2fbca7d6399b04275b367534384c2d03a108f5af14e4e5cd568439d4eff11118e25fb1#rd,2020/3/19 13:30
91,武汉，0！0！0！,http://mp.weixin.qq.com/s?__biz=MzA5MjM3MzUxMA==&mid=2655709249&idx=1&sn=7b84ed6d78231c524dd8c21dc40dcf70&chksm=8bd05f28bca7d63e4dc297dfc9905132bd09a314649dc49347bdf95d6274a0d8b6de03f2a8ae#rd,2020/3/19 9:35
92,请深深地，记住他的模样,http://mp.weixin.qq.com/s?__biz=MzA5MjM3MzUxMA==&mid=2655709211&idx=1&sn=463adcae69ffe049d3ac01226a7a9e2e&chksm=8bd05f72bca7d664f818044bd4f8e948f8e38934b8ed2a878376978bd7bbec77294908321241#rd,2020/3/18 20:28
93,32句感谢和1句邀请，不见不散,http://mp.weixin.qq.com/s?__biz=MzA5MjM3MzUxMA==&mid=2655709205&idx=1&sn=9993be1b6f7af8fef85fad9f5cd1176f&chksm=8bd05f7cbca7d66ad1df1a7610021919541308de8b205fb9f1883a855f5b7869c9f50f25de6e#rd,2020/3/18 17:37
94,GPA3.1到3.92，这位医学生经历了什么,http://mp.weixin.qq.com/s?__biz=MzA5MjM3MzUxMA==&mid=2655709186&idx=1&sn=917d17358ce176e8125deb24f5926d4b&chksm=8bd05f6bbca7d67d9d6ef8942de65000e683be25a6959d01d5e6e4599c589e8867cfe07e541a#rd,2020/3/18 14:15
95,武大限定樱花味，你pick哪一款？,http://mp.weixin.qq.com/s?__biz=MzA5MjM3MzUxMA==&mid=2655709182&idx=1&sn=7847b551f93d3a1db85dc758ed1efac5&chksm=8bd05097bca7d9812516031391193494e03a0cce073c52de969b4c3192162ff4a3a78583dffc#rd,2020/3/18 9:58
96,谢谢你们，为我们拼过命！,http://mp.weixin.qq.com/s?__biz=MzA5MjM3MzUxMA==&mid=2655709180&idx=1&sn=3a1b98697c0a385e2a8617cf2ff61078&chksm=8bd05095bca7d9832e2a42845b95f78c280e2f37f4402b8b700d0f337376428928b472c06cc0#rd,2020/3/17 22:42
97,这一次，换我们来相助,http://mp.weixin.qq.com/s?__biz=MzA5MjM3MzUxMA==&mid=2655709168&idx=1&sn=b40c88c08197d505045f74a4316faed0&chksm=8bd05099bca7d98f0a3856784c6a39f71973874a3a98b213db85329705b2dd43ce4c202b7581#rd,2020/3/17 17:25
98,53天奋战，“清零”！,http://mp.weixin.qq.com/s?__biz=MzA5MjM3MzUxMA==&mid=2655709163&idx=1&sn=621b3207a172b590ec0b732d58bc046f&chksm=8bd05082bca7d9941da3ce91e206d3a84a677d557d6ff3efbfd55439dbaf967c307259799487#rd,2020/3/17 12:47
99,云游武大，即刻启程,http://mp.weixin.qq.com/s?__biz=MzA5MjM3MzUxMA==&mid=2655709155&idx=1&sn=a06e6a10ada6341948aec76ba8812aa7&chksm=8bd0508abca7d99cac5e049b63a63e995f4b13c22551a3219c339f2278a76081a07db68ec25b#rd,2020/3/17 9:41
,title,link,create_time
0,追忆我的老师：“大地之星”宁津生,http://mp.weixin.qq.com/s?__biz=MzA5MjM3MzUxMA==&mid=2655709153&idx=1&sn=36a9d47fcc6e73e3f6d67a664687176a&chksm=8bd05088bca7d99e1fc773230ebcf5af68d457274d733a7d0dc4511b5277ca48ea6c2f7f62e9#rd,2020/3/16 23:33
1,樱，为你！,http://mp.weixin.qq.com/s?__biz=MzA5MjM3MzUxMA==&mid=2655709138&idx=1&sn=0eaaa3fa32fa5f85765a25a759270427&chksm=8bd050bbbca7d9adb627e2bf544aa3fc0104b937e2419936daa7073b65e1e1524828bcf4429d#rd,2020/3/16 19:50
2,武大ESI上榜学科数位列内地高校第七,http://mp.weixin.qq.com/s?__biz=MzA5MjM3MzUxMA==&mid=2655709136&idx=1&sn=54444460bf3c56713ebd3998a9d1db5d&chksm=8bd050b9bca7d9af36f4a7afda940e79686068bedfa076acc06b34f7dc96b32e4653c6d47812#rd,2020/3/16 17:53
3,催泪连线赵领超,http://mp.weixin.qq.com/s?__biz=MzA5MjM3MzUxMA==&mid=2655709126&idx=1&sn=a1e97f6756e6d447e24009af70fc323d&chksm=8bd050afbca7d9b9954bbf38e3538ee0eeb78d4b226dbed4a67b3d4e2dd0b8d55214053460a2#rd,2020/3/16 13:42
4,2020武大“云赏樱”通道来啦,http://mp.weixin.qq.com/s?__biz=MzA5MjM3MzUxMA==&mid=2655709123&idx=1&sn=7705a811e49f835bdf53841bacabecd8&chksm=8bd050aabca7d9bc2f14dbcde79a715ca5a020b7c1e91525c8fcb581421f5755d78af36b875a#rd,2020/3/16 8:39
5,深切悼念丨著名大地测量学家和教育家宁津生院士逝世,http://mp.weixin.qq.com/s?__biz=MzA5MjM3MzUxMA==&mid=2655709111&idx=1&sn=833d1cdbae71373be604b94ba6777423&chksm=8bd050debca7d9c8c574676f69227a2e5eb41fb79c9a3342860864694fa4d43366174ea821ab#rd,2020/3/15 21:42
6,虎妞柯洁,http://mp.weixin.qq.com/s?__biz=MzA5MjM3MzUxMA==&mid=2655709100&idx=1&sn=9647dc8eb25a83d2dacd2c9d7c602bb7&chksm=8bd050c5bca7d9d349390fdb30ffaa1950ee1c97ece12d3cac8997da1cb5a2bf3f3c2d49562b#rd,2020/3/15 17:32
7,武大樱花，开了！,http://mp.weixin.qq.com/s?__biz=MzA5MjM3MzUxMA==&mid=2655709079&idx=1&sn=14d486cb3423f533f9f6c588f6e0bf52&chksm=8bd050febca7d9e83bdd69d5e195c4eea70c5496cacf2ea9339650797eb3521af8fb4d32b7d4#rd,2020/3/15 11:59
8,艾路明：向难向善方本色,http://mp.weixin.qq.com/s?__biz=MzA5MjM3MzUxMA==&mid=2655709029&idx=1&sn=fca4490c8dc2605d153e19de6d7adac1&chksm=8bd0500cbca7d91a684be34d549c2699d056774aa20256d8abd637c8bd9f1b624d192b393897#rd,2020/3/15 9:14
9,工学部7舍532，被学霸们点亮啦,http://mp.weixin.qq.com/s?__biz=MzA5MjM3MzUxMA==&mid=2655709005&idx=1&sn=b468ed8a37cd839d7c0dfe81f65540dd&chksm=8bd05024bca7d932a26e999fc9899ca26a9cd16781a8fd4b69485d2ee7a44681ea07ea572634#rd,2020/3/14 19:34
10,真的英雄！,http://mp.weixin.qq.com/s?__biz=MzA5MjM3MzUxMA==&mid=2655708985&idx=1&sn=fc62f5e05abf00abcddd1be35519b726&chksm=8bd05050bca7d94627f5e60286cf30546f9e1eacc5bba0c7b6e16589e589bbf62b5ac553a57e#rd,2020/3/14 14:37
11,陈东升：大师兄的情怀与担当,http://mp.weixin.qq.com/s?__biz=MzA5MjM3MzUxMA==&mid=2655708971&idx=1&sn=47765415352a8d65bbd6ebb70da3987a&chksm=8bd05042bca7d9542b95222a86cdd13318de6e95d7e4efb38c1da65b5586296374c9c0531a60#rd,2020/3/14 10:16
12,深夜高能预警，开屏暴击！,http://mp.weixin.qq.com/s?__biz=MzA5MjM3MzUxMA==&mid=2655708965&idx=1&sn=0dd8b95b5aeb233f06e45d0e64e37407&chksm=8bd0504cbca7d95afd3a05fc817e77b5616eb5b7e190d6b6dde9a0c57f74de939c4f1e08c5b4#rd,2020/3/13 22:30
13,珞珈好青年，越是艰险越向前,http://mp.weixin.qq.com/s?__biz=MzA5MjM3MzUxMA==&mid=2655708962&idx=1&sn=1f9dccbdf784871b4c45a8c4235dc9bb&chksm=8bd0504bbca7d95dbf5ff2b7eef557d857091f564703be6b8d010623057cb8d81e705c5a702b#rd,2020/3/13 20:07
14,MV | 《樱花开》，在最美的地方,http://mp.weixin.qq.com/s?__biz=MzA5MjM3MzUxMA==&mid=2655708956&idx=1&sn=4c3812ce7d71c551387d232b0938e1c1&chksm=8bd05075bca7d9630c347da986b5a3aac35b9d2bf8795624afbd75319a4193a0b18cc6a5eb55#rd,2020/3/13 14:29
15,官宣 | 关于武大樱花，你关心的问题都在这里,http://mp.weixin.qq.com/s?__biz=MzA5MjM3MzUxMA==&mid=2655708914&idx=1&sn=9930ae0431bd1dd7d1b3152cf14a8c40&chksm=8bd0519bbca7d88d46885d9b7abc4aa01909daf067aaac83e9e4b5e3e07331537e9493b9fcca#rd,2020/3/13 9:16
16,喜讯 | 《自然》在线发表袁声军团队石墨烯研究成果,http://mp.weixin.qq.com/s?__biz=MzA5MjM3MzUxMA==&mid=2655708912&idx=1&sn=ed5312414fde81a44d4a033c9ce583f2&chksm=8bd05199bca7d88fef2f2f022754ca03195695695302eb95acef4bad1ef1bec9911ddf8781d6#rd,2020/3/12 22:25
17,六大名校发起，“春霖”抗疫助学行动开始啦！,http://mp.weixin.qq.com/s?__biz=MzA5MjM3MzUxMA==&mid=2655708906&idx=1&sn=af228ccd0916775dc678b11b21265820&chksm=8bd05183bca7d895b6ad36eb67de936b77c755fbaae4da90e570ff0ce3d5538d8338d8eeb61b#rd,2020/3/12 20:47
18,自豪 | 总书记接见了这三位武大人！,http://mp.weixin.qq.com/s?__biz=MzA5MjM3MzUxMA==&mid=2655708899&idx=1&sn=e452f0184981a19c9cc20ced958e4a1d&chksm=8bd0518abca7d89cacdfd9062cafd858a002d1e5cffac0cc493f234838e28ca0a49c75da4a7c#rd,2020/3/12 17:25
19,“见微知著”思想对于疫情治理有何启示？武大战疫视频公开课②,http://mp.weixin.qq.com/s?__biz=MzA5MjM3MzUxMA==&mid=2655708880&idx=1&sn=965b98f70610502165aaf199ce0ed797&chksm=8bd051b9bca7d8af76d4c277e304e9a86757dfa9eb70878ee86b24c30676dcc9be17b41601be#rd,2020/3/12 13:45
20,官宣！武大樱花开放期间校园政策发布,http://mp.weixin.qq.com/s?__biz=MzA5MjM3MzUxMA==&mid=2655708869&idx=1&sn=03e6191b7606ca7100eea07a8802f857&chksm=8bd051acbca7d8ba607a49edbcefe7dd7cc994787a7fafd4729438305518b5c3aa95b1133e29#rd,2020/3/12 9:16
21,值守35天，一位方舱医生的自述,http://mp.weixin.qq.com/s?__biz=MzA5MjM3MzUxMA==&mid=2655708862&idx=1&sn=3a46a61afd4abb84d2da94dfc9ded357&chksm=8bd051d7bca7d8c1e5a09fbffa85c1c22d9c9bc2314c6b052a991904a1f0e3e39c91103249ff#rd,2020/3/11 20:38
22,@全国6所海洋大学，谢谢你们的祝福,http://mp.weixin.qq.com/s?__biz=MzA5MjM3MzUxMA==&mid=2655708858&idx=1&sn=8fe41b017131b3da215835addbf4d3e6&chksm=8bd051d3bca7d8c5bf31e74a4e0ab2424bc47148f617b4e36ca71a4129aa01cbc6a7184144db#rd,2020/3/11 18:01
23,网课“姿势”大盘点，你pick哪一个？,http://mp.weixin.qq.com/s?__biz=MzA5MjM3MzUxMA==&mid=2655708847&idx=1&sn=424968297143a66bd03cf22e923475f1&chksm=8bd051c6bca7d8d050c3ae40cc523c8a9fabae9aa43718193090754be1b8f1afe414266cdc93#rd,2020/3/11 13:28
24,年级第一和年级第二是情侣？绝配,http://mp.weixin.qq.com/s?__biz=MzA5MjM3MzUxMA==&mid=2655708840&idx=1&sn=05b4c4c0f67e3e15d6b9174ef09de1bd&chksm=8bd051c1bca7d8d724b1e5a125eec76da6f96632c5bf6cacc6d7225eae827e475a8e4e3ccd08#rd,2020/3/11 9:48
25,听，青春的告白！,http://mp.weixin.qq.com/s?__biz=MzA5MjM3MzUxMA==&mid=2655708838&idx=1&sn=3c982740d752f587921eed769547299d&chksm=8bd051cfbca7d8d92abfbd66882509eea664490841b7387e9f74dc176c29c52468dcc97c97f4#rd,2020/3/10 21:51
26,@2020届毕业生，最新就业政策来了,http://mp.weixin.qq.com/s?__biz=MzA5MjM3MzUxMA==&mid=2655708831&idx=1&sn=2f397bfd77b6c57dc3e8570867518a4b&chksm=8bd051f6bca7d8e09d4feef02132ce588002d2f6812b3ba4994cd9b674a2f99f5f2e7a571911#rd,2020/3/10 19:54
27,刚刚，武汉最后一家方舱“关门大吉”！,http://mp.weixin.qq.com/s?__biz=MzA5MjM3MzUxMA==&mid=2655708810&idx=1&sn=fbb380669c9d62e847ddbc147f420379&chksm=8bd051e3bca7d8f5ce75bf87e6af6668afd14ff1f3060be617fd1e90910e1b7d0ab0ef4d7365#rd,2020/3/10 16:11
28,@北京大学，生命的意义珞珈山已读懂,http://mp.weixin.qq.com/s?__biz=MzA5MjM3MzUxMA==&mid=2655708786&idx=1&sn=e64fbc07479c449bebf1b4eb9ef8151a&chksm=8bd0511bbca7d80d100344ba245614033d0b1f1ce05a385faea0f52eb5e54a64099518d5062f#rd,2020/3/10 11:15
29,从家，到“珈”,http://mp.weixin.qq.com/s?__biz=MzA5MjM3MzUxMA==&mid=2655708757&idx=1&sn=743a0c4859f4af6345450534510f3274&chksm=8bd0513cbca7d82ada011507c99aa2474d0664fc472baf5c3c0921e1ef45498ea8e7ca29740e#rd,2020/3/9 22:20
30,准备好了吗？隔空导航模式开启！,http://mp.weixin.qq.com/s?__biz=MzA5MjM3MzUxMA==&mid=2655708755&idx=1&sn=fd6699d5b0e76c2b9d9c115bf64364dc&chksm=8bd0513abca7d82ca3afb2c679008199a41fcf8dc825ef54539e341e16adcc0f7f9e248ed970#rd,2020/3/9 19:52
31,阎志，传奇！,http://mp.weixin.qq.com/s?__biz=MzA5MjM3MzUxMA==&mid=2655708748&idx=1&sn=cc54b8645362f8718968b5ecfdf50a4a&chksm=8bd05125bca7d83345542bf4d4346efcb5290362b75298f56a0cf034bb20dcc99cd1ef360d5f#rd,2020/3/9 15:58
32,她的绩点4.0，优秀！,http://mp.weixin.qq.com/s?__biz=MzA5MjM3MzUxMA==&mid=2655708713&idx=1&sn=9f870ed57c5aa6103daf2f8160e474e1&chksm=8bd05140bca7d8567afafb1154e2d8781e49cae0fd05c81a2838122147c8215347c628d47e15#rd,2020/3/9 9:33
33,今天的C位，属于她！,http://mp.weixin.qq.com/s?__biz=MzA5MjM3MzUxMA==&mid=2655708698&idx=1&sn=cfff54ee62ab10c08c02131b19bc7b29&chksm=8bd05173bca7d8654fca84461da3346cea382d3fab39ead85e8587cbfc84d70c8af3489ad4eb#rd,2020/3/8 20:37
34,@全体援鄂医疗队员，请查收这封赏樱邀请信,http://mp.weixin.qq.com/s?__biz=MzA5MjM3MzUxMA==&mid=2655708681&idx=1&sn=a4b0450a54db87e270b1be456c2162cc&chksm=8bd05160bca7d876e68427bd7ef57deb788614311d9c3fcde9e1e50d36459cc4126a62807abc#rd,2020/3/8 16:44
35,刚刚，这里关门大吉！,http://mp.weixin.qq.com/s?__biz=MzA5MjM3MzUxMA==&mid=2655708654&idx=1&sn=a67c157cfa965d3909df961a84545950&chksm=8bd05287bca7db911bed1d7627b4dab3dd46fe8ce727df95fe08bbe8eda7215979e165cb0dc7#rd,2020/3/8 13:08
36,今天，为她写诗！,http://mp.weixin.qq.com/s?__biz=MzA5MjM3MzUxMA==&mid=2655708611&idx=1&sn=58417756d9b15ee067f1d480bbe193d0&chksm=8bd052aabca7dbbc286edfe96209fed234adf6b126b9b63017fd7c00c2723a954e1b7defbcec#rd,2020/3/8 9:31
37,她，她们！,http://mp.weixin.qq.com/s?__biz=MzA5MjM3MzUxMA==&mid=2655708588&idx=1&sn=4349799b491d8882bfc091744ac51e50&chksm=8bd052c5bca7dbd316c2bcaf8c690f1c225827cc5f14061990fc7d8c0cf7bb0fc0ca08453544#rd,2020/3/7 22:23
38,离“珈”的那天，他们看到了……,http://mp.weixin.qq.com/s?__biz=MzA5MjM3MzUxMA==&mid=2655708578&idx=1&sn=abe472063dbe20b8d4fa02cdbbab9d20&chksm=8bd052cbbca7dbddaad4780dc54ad6982a9bdf23aa7ff132a707f6cc4e25af14656dd9b6a50f#rd,2020/3/7 18:16
39,人才论坛延后举办，人才强校永不停歇,http://mp.weixin.qq.com/s?__biz=MzA5MjM3MzUxMA==&mid=2655708550&idx=1&sn=3edc7a41e4bb4d071a7cc52d89481916&chksm=8bd052efbca7dbf9450f854d108362f9ad9c76818b18c061f3cfe6a3e97eedad9c361160bdfb#rd,2020/3/7 13:37
40,白衣如战袍，勇闯“金银潭”！,http://mp.weixin.qq.com/s?__biz=MzA5MjM3MzUxMA==&mid=2655708527&idx=1&sn=8628a1b5b86bc70a9461f5c7f7849c3e&chksm=8bd05206bca7db1002b20cda07c65d3abdbe9309904768622122644b38a85cc5ddf04004e771#rd,2020/3/7 9:57
41,请查收！武大学生每人100元！,http://mp.weixin.qq.com/s?__biz=MzA5MjM3MzUxMA==&mid=2655708518&idx=1&sn=823f8bafdb790237abfcda53f57064ec&chksm=8bd0520fbca7db193044e92a369f3f46ef3c62f051b73495df35a759a07c7826503cbb3e8738#rd,2020/3/6 21:42
42,关于肿瘤免疫治疗，请转需要的人！,http://mp.weixin.qq.com/s?__biz=MzA5MjM3MzUxMA==&mid=2655708506&idx=1&sn=776ef8c840514ec1f128ec1ad0645db5&chksm=8bd05233bca7db25ab9c069132e61bbf3919282d049741936bdd038f375a8f7130261747e7b2#rd,2020/3/6 17:56
43,@毕业生，你有一份重要通知！,http://mp.weixin.qq.com/s?__biz=MzA5MjM3MzUxMA==&mid=2655708501&idx=1&sn=eb07d58654b4b3aeef1b4e46f8252145&chksm=8bd0523cbca7db2a79283670be353ae4f0e3946ef63c322445a97de79b0fe1de882ee96a8327#rd,2020/3/6 13:28
44,梅园433寝室，发光了！,http://mp.weixin.qq.com/s?__biz=MzA5MjM3MzUxMA==&mid=2655708486&idx=1&sn=a11e962ae2a535be93bde39e0c43e502&chksm=8bd0522fbca7db39f7c75fefab6e67fc66ddce9d41a843e0e76faccc6b547f3cfc3b75e956af#rd,2020/3/6 9:38
45,惊蛰 | 武大早樱，朵朵开,http://mp.weixin.qq.com/s?__biz=MzA5MjM3MzUxMA==&mid=2655708480&idx=1&sn=e26c43cef36e5eb5e3d7a1ccc376fe83&chksm=8bd05229bca7db3f528264cc7159276196f24406ea8456ea812715443bdee5c3ddf0ae25637f#rd,2020/3/5 22:34
46,致敬！武大6个集体、8位个人获国家三部门表彰,http://mp.weixin.qq.com/s?__biz=MzA5MjM3MzUxMA==&mid=2655708467&idx=1&sn=c91c7767e8d0cfd825c1e13eaf1bddf0&chksm=8bd0525abca7db4c6980fa6f825075359ca40c382f3ff32d09bb12cb2b1212777cc450fb9e8d#rd,2020/3/5 20:23
47,珞珈青年“守护力”，满格！,http://mp.weixin.qq.com/s?__biz=MzA5MjM3MzUxMA==&mid=2655708446&idx=1&sn=78ba036daa919c4d91f35db8a2c6a4ef&chksm=8bd05277bca7db61ce986f8f38969d93a6f4a92bc0a5d84b0883e24e428a89460c1a9bb2f7ac#rd,2020/3/5 18:31
48,QS发布丨武大27个学科进入全球前300,http://mp.weixin.qq.com/s?__biz=MzA5MjM3MzUxMA==&mid=2655708405&idx=1&sn=794e7909ac315aaf7ef9af700db84a3f&chksm=8bd0539cbca7da8aba1ab38643d1d2a13e9b11d347aebb81b5e17a9713b8bbd98244a1e43229#rd,2020/3/5 15:43
49,疫情数据怎样解读？未来发展如何预测？武大战疫视频公开课①,http://mp.weixin.qq.com/s?__biz=MzA5MjM3MzUxMA==&mid=2655708398&idx=1&sn=e397ebd1b97089e7160db8b02351d160&chksm=8bd05387bca7da9172052a8e474a799685250acf273474a30307b3ec1be48739feddce136c37#rd,2020/3/5 12:26
50,是医者，更是勇士！,http://mp.weixin.qq.com/s?__biz=MzA5MjM3MzUxMA==&mid=2655708387&idx=1&sn=6dd608c1b91f0f40bcaeffce87879e29&chksm=8bd0538abca7da9cba3e9e298ec80f6134ee9336156294a827f43b9e5097b9ffccf982cd8cf1#rd,2020/3/5 9:35
51,这些宝藏课堂，深夜安利！,http://mp.weixin.qq.com/s?__biz=MzA5MjM3MzUxMA==&mid=2655708372&idx=1&sn=42d4c77989f163e83e5a46649efc2e19&chksm=8bd053bdbca7daabe8aed63e770dd9dc5504bf0cf63f03ff54e98e07ab277f330e79d7d44f66#rd,2020/3/4 22:34
52,生死一刀间！,http://mp.weixin.qq.com/s?__biz=MzA5MjM3MzUxMA==&mid=2655708371&idx=1&sn=c88bc4cb8f7e2a35e6e361311acff694&chksm=8bd053babca7daac0df8c375fa19fd6e693a1f9a88fda1366e02d631ef2d66f36498279d1ac6#rd,2020/3/4 20:14
53,10岁女孩要与医生妈妈“同生共死”！,http://mp.weixin.qq.com/s?__biz=MzA5MjM3MzUxMA==&mid=2655708367&idx=1&sn=5c47fcf58030a8bb925c6300ba43d211&chksm=8bd053a6bca7dab06e79aff018c0fd96a802ad083ce83c500d4a85d27e4f96af26ddedbb9f7e#rd,2020/3/4 16:59
54,生机 | 嘿！你发现躲在珞珈山上的动物侠客了吗？,http://mp.weixin.qq.com/s?__biz=MzA5MjM3MzUxMA==&mid=2655708362&idx=1&sn=87303ef2a8ea72a93b753e0763e68249&chksm=8bd053a3bca7dab52ea0047081869d9a7ae94b3f540162daebeb884f0baa581ce5be0f6ffcc9#rd,2020/3/4 13:38
55,武大牵头建设湖北国家应用数学中心,http://mp.weixin.qq.com/s?__biz=MzA5MjM3MzUxMA==&mid=2655708356&idx=1&sn=01c1be0a121adcef8ed3c59f9f907afe&chksm=8bd053adbca7dabb50b8d35534cf4f8dd2a189190d7510a0900f517890c40a9dcbc484dea94e#rd,2020/3/4 9:33
56,这份爱，没有什么能够阻挡！,http://mp.weixin.qq.com/s?__biz=MzA5MjM3MzUxMA==&mid=2655708348&idx=1&sn=c34c8f2b43a60901db71a5b7aac55975&chksm=8bd053d5bca7dac35da2904fe438694fbd694f0d1e1de28631b732f007205ff983cb2ae73dcb#rd,2020/3/3 20:57
57,注意，武大老师高能“网课”图鉴来袭！,http://mp.weixin.qq.com/s?__biz=MzA5MjM3MzUxMA==&mid=2655708326&idx=1&sn=d76e431e1ddc7bb19b700622f45f4666&chksm=8bd053cfbca7dad9c0ab2bf8a653d2fe47f75d98249640fce418b6c680329df927c31234c17d#rd,2020/3/3 17:09
58,武大限定春日樱花奶茶，来一杯？,http://mp.weixin.qq.com/s?__biz=MzA5MjM3MzUxMA==&mid=2655708305&idx=1&sn=e59627237c7b072dde2fbf76bb8ab19c&chksm=8bd053f8bca7daee3e24ee2f2f6e7030bad9d61a00e8835b7953991eb1f5b3a1ba61880afcc3#rd,2020/3/3 13:36
59,突破 | 武大团队开发纳米孔靶向测序，最快10分钟“捕获”新冠病毒,http://mp.weixin.qq.com/s?__biz=MzA5MjM3MzUxMA==&mid=2655708304&idx=1&sn=2954057c24f4c5650fc432530cd72d5f&chksm=8bd053f9bca7daef79946d2e1439d966c7285e8bf7c85f939e53fde8280dc8fb793b9222026a#rd,2020/3/3 9:14
60,夜深了，千！万！别！点！开！,http://mp.weixin.qq.com/s?__biz=MzA5MjM3MzUxMA==&mid=2655708300&idx=1&sn=56d0298e15f6e39f3ea716ec0e340dfb&chksm=8bd053e5bca7daf3450de32f5802f6b76498d17fa085a4436bec81f5cc400c6f73a63c9a9fbf#rd,2020/3/2 22:14
61,以《希望》之舞，等一个黎明,http://mp.weixin.qq.com/s?__biz=MzA5MjM3MzUxMA==&mid=2655708294&idx=1&sn=01dc918ac506f4741d085c041ccfdadf&chksm=8bd053efbca7daf9b1a946b3265646eec35c7a569fcc1f870096f9814fc01ad9d76094024d59#rd,2020/3/2 19:30
62,封城后，武大师生的“云端”游学记,http://mp.weixin.qq.com/s?__biz=MzA5MjM3MzUxMA==&mid=2655708281&idx=1&sn=01f9e4759dc60e498a8b1f346f9b8c36&chksm=8bd05310bca7da06fdaa72a81a398fa47eb85e8cf0bec8f90c18b36abe198e9376789fb97ece#rd,2020/3/2 14:05
63,“白居易”，真的很神奇！,http://mp.weixin.qq.com/s?__biz=MzA5MjM3MzUxMA==&mid=2655708266&idx=1&sn=cc24f777a53a5dd04d76ca78b0f6f942&chksm=8bd05303bca7da15ed36e8cb6473ae21c13ce8707a00f66970edaf88563dc70743d739a56690#rd,2020/3/2 9:46
64,一切都在变，似乎也没变,http://mp.weixin.qq.com/s?__biz=MzA5MjM3MzUxMA==&mid=2655708256&idx=1&sn=a70e4c19299468c3481fc15cb2126c09&chksm=8bd05309bca7da1f1be583bdad8a890b8f98a4dcecd62db20fc3ce069e5a84b1a27ebeb1b55d#rd,2020/3/1 22:09
65,“您好，我是蹇宏！”,http://mp.weixin.qq.com/s?__biz=MzA5MjM3MzUxMA==&mid=2655708251&idx=1&sn=ffd99366ed8ff8a7dbf2c9e2cfcf107e&chksm=8bd05332bca7da2432ff69f289c83e6b74335a062aadf957829ac8edcb5fd08d8b9db3848e92#rd,2020/3/1 19:36
66,嗨，这位保研均分95.3的学霸,http://mp.weixin.qq.com/s?__biz=MzA5MjM3MzUxMA==&mid=2655708224&idx=1&sn=db388f5965bd05908af0cd5c7a615b55&chksm=8bd05329bca7da3f32270b80c96ef114934096d5f1d71034563ab1c9617377c71a85dc39a5cb#rd,2020/3/1 13:34
67,武大限定 | 珞珈“瓶”安,http://mp.weixin.qq.com/s?__biz=MzA5MjM3MzUxMA==&mid=2655708208&idx=1&sn=1fdfcaf7d4a2242baddfdffa54869d0c&chksm=8bd05359bca7da4f2b6a764ede15c070d909268edb1c650f53fee87b22515f1a7f388ac75c9f#rd,2020/3/1 9:40
68,催泪原创 |《寄给春天》,http://mp.weixin.qq.com/s?__biz=MzA5MjM3MzUxMA==&mid=2655708206&idx=1&sn=a97a5c261939f8dd245d84834b9ca206&chksm=8bd05347bca7da51997711956d9fd0465e1b82947aa5c1e9b5a3e8ed7156d145a51c0867dd3c#rd,2020/2/29 22:14
69,方舱“读书哥”的故事，未完待续……,http://mp.weixin.qq.com/s?__biz=MzA5MjM3MzUxMA==&mid=2655708201&idx=1&sn=c41311d19aa3a7900153671cabdd89df&chksm=8bd05340bca7da560ea3c2d8166b8b6eff45d1eabea3925a152b19785d0fb6668d3a9bd08038#rd,2020/2/29 20:23
70,高考是否延迟？研究生扩招多少？应届生就业怎么办？重要信息不要错过,http://mp.weixin.qq.com/s?__biz=MzA5MjM3MzUxMA==&mid=2655708173&idx=1&sn=1840edaf8fede2a4516d09fd7f8e7718&chksm=8bd05364bca7da72c768bc5a80d8576d2e39ea1421c9e5bafab5d2c81f11a76887ebf1aa8db5#rd,2020/2/29 16:14
71,“网红”医生余昌平：重症归来,http://mp.weixin.qq.com/s?__biz=MzA5MjM3MzUxMA==&mid=2655708161&idx=1&sn=d79c3007dfbc565874bbaac043a74060&chksm=8bd05368bca7da7ea6261e88f81aa69a808385d83bcd5bc2144f16412f18d89002468f945c0c#rd,2020/2/29 13:01
72,等春天来，等樱花开,http://mp.weixin.qq.com/s?__biz=MzA5MjM3MzUxMA==&mid=2655708160&idx=1&sn=8651418bda4baf5168d5a6916b7a4124&chksm=8bd05369bca7da7fd1afb0d3b69ce5bfea7e4bafaf90f52b89d442ce771cfbb79bcd59b2a152#rd,2020/2/29 9:35
73,今天，雷神山举办了一场“战地婚礼”,http://mp.weixin.qq.com/s?__biz=MzA5MjM3MzUxMA==&mid=2655708158&idx=1&sn=208dd56c2e829ba6498841109c4e29ce&chksm=8bd05497bca7dd81cecfbfd4184f626a2fe1a277d0389fcf00b2642cdddd0388ef99b8c1c4cb#rd,2020/2/28 22:54
74,陈彦然妈妈给窦贤康校长回信啦！,http://mp.weixin.qq.com/s?__biz=MzA5MjM3MzUxMA==&mid=2655708141&idx=1&sn=39a07dddd225d0ab9433cf543ddfb81a&chksm=8bd05484bca7dd92bd833332c6a4a9e594c0f303caec125b25f2bc6746ecf62a04d9d0acb85e#rd,2020/2/28 20:45
75,机器人勇闯雷神山！,http://mp.weixin.qq.com/s?__biz=MzA5MjM3MzUxMA==&mid=2655708126&idx=1&sn=8dbf808daef99627aad59d5184009e47&chksm=8bd054b7bca7dda12789e364a7567ea7f4351d5074562e14906af134427e7864685875ba8eb1#rd,2020/2/28 17:32
76,最后100天，武大“秘笈”送给你！,http://mp.weixin.qq.com/s?__biz=MzA5MjM3MzUxMA==&mid=2655708113&idx=1&sn=768e9fc155e91605466977a988a87da4&chksm=8bd054b8bca7ddae78e90f1ddf0e2ec66e9eb4b601128ed0264254e4c28a9f99b44e8ffe329d#rd,2020/2/28 13:58
77,金灿荣教授：如何从国际角度看中国战“疫”,http://mp.weixin.qq.com/s?__biz=MzA5MjM3MzUxMA==&mid=2655708082&idx=1&sn=e1edfaadd0ba8e6357e4ee4eac4db62c&chksm=8bd054dbbca7ddcd626b75a334f6762a61e03e81efd7b2a6f25598502be1aa2336fad1a0a865#rd,2020/2/28 9:28
78,这一次，我想好好记住你！,http://mp.weixin.qq.com/s?__biz=MzA5MjM3MzUxMA==&mid=2655708059&idx=1&sn=7fe8f2ebd430c65985b61e2ca3f17c5b&chksm=8bd054f2bca7dde48143b99e853917feec3d25f3e50d45523c93e9881d01311f666d64f5849b#rd,2020/2/27 18:46
79,深切悼念 | 著名国际法学家和法学教育家梁西先生逝世,http://mp.weixin.qq.com/s?__biz=MzA5MjM3MzUxMA==&mid=2655708041&idx=1&sn=d1b9f21e0f479a6b5afd580be0649893&chksm=8bd054e0bca7ddf6df9606273f39f2569ff1630d0b7490a371cd6b3d66b11124ebfd155c802e#rd,2020/2/27 15:53
80,ICU护士50天未回家，父亲把思念作成画,http://mp.weixin.qq.com/s?__biz=MzA5MjM3MzUxMA==&mid=2655708019&idx=1&sn=1e77910d545e29b8891a6c43ddd94485&chksm=8bd0541abca7dd0cbb11bae2af3de992320431042a6d87bdb4f49408d7b133f1eb3033b2497b#rd,2020/2/27 13:04
81,听！,http://mp.weixin.qq.com/s?__biz=MzA5MjM3MzUxMA==&mid=2655707999&idx=1&sn=29cd32a2d007d4f8c1adb3c86ef69929&chksm=8bd05436bca7dd20bc1c87471702d902f47fc43a24252b18af955d448d892dfd65ee28b73c36#rd,2020/2/27 9:29
82,@合肥四十五中陈彦然，武大校长找你！,http://mp.weixin.qq.com/s?__biz=MzA5MjM3MzUxMA==&mid=2655707997&idx=1&sn=9f31d233de2c817e7b3aa098e3b9a9eb&chksm=8bd05434bca7dd22dbc5604edf082c2b61bc60b0d1bcb1763fc68866cd904b0d137acb599bdb#rd,2020/2/26 21:42
83,定了！每人10000元！,http://mp.weixin.qq.com/s?__biz=MzA5MjM3MzUxMA==&mid=2655707990&idx=1&sn=b0b85ea3e27d426c147cd5878cba5cb0&chksm=8bd0543fbca7dd29bf58af91a55476f6672eb52a0fd9caf9396eed6737db70186749fde434f9#rd,2020/2/26 17:51
84,这个学院4名本科生，同时被哈佛大学录取,http://mp.weixin.qq.com/s?__biz=MzA5MjM3MzUxMA==&mid=2655707980&idx=1&sn=a420a42074b61f18d1e8537a807e84d0&chksm=8bd05425bca7dd3311bd2fb99ddb1e86318c1af4ccca2b0fe754f78427a03836f03dce9fdf3c#rd,2020/2/26 13:32
85,好消息！17个小生命降生，124位患者痊愈！,http://mp.weixin.qq.com/s?__biz=MzA5MjM3MzUxMA==&mid=2655707966&idx=1&sn=200cf93ed73a14055beeed1ea2c5d8b8&chksm=8bd05457bca7dd414fe1283d302e423c3c627e95948c9fd20504f8a10c89d385524c8bbd4e3a#rd,2020/2/26 9:20
86,听说，早樱悄悄开了,http://mp.weixin.qq.com/s?__biz=MzA5MjM3MzUxMA==&mid=2655707950&idx=1&sn=01af77e0451ba62c2f678cb2152838f4&chksm=8bd05447bca7dd5116246a60cb36582f111c582941b095b30310f97cca0680ab80d5e77d23bc#rd,2020/2/25 19:30
87,16所高校国旗护卫队，喊你一起来助力！,http://mp.weixin.qq.com/s?__biz=MzA5MjM3MzUxMA==&mid=2655707939&idx=1&sn=a48f6d675f8718f82dfc2acceb038c80&chksm=8bd0544abca7dd5c955b3af97b6fe818984d47d713791cb3fedcb3778276837a334b991cadcb#rd,2020/2/25 17:01
88,谢谢你，汶川女孩！,http://mp.weixin.qq.com/s?__biz=MzA5MjM3MzUxMA==&mid=2655707931&idx=1&sn=ea66acf51d4fe3ad2928c91e93610337&chksm=8bd05472bca7dd64b1145a74f42f24c798daf116e9a9e5c80a34de20249c429a99bb7812042a#rd,2020/2/25 13:07
89,敲黑板！怎样防止新冠肺炎疫情向校园蔓延？高风险点在哪里？,http://mp.weixin.qq.com/s?__biz=MzA5MjM3MzUxMA==&mid=2655707927&idx=1&sn=de85ee5771ce244a3a4424668f6c5298&chksm=8bd0547ebca7dd682ddf1ab8c1b5381fb93abf72e51672fd84b255c5ba68f2422cc48cb9a6d8#rd,2020/2/25 9:28
90,从0到26000000，这份“学霸级”作业，母校收到！,http://mp.weixin.qq.com/s?__biz=MzA5MjM3MzUxMA==&mid=2655707925&idx=1&sn=05ca463a5b721b0b970382cb88ac8768&chksm=8bd0547cbca7dd6ae5361182dca0b1a55aa1a192361641a69b46f6a8a3a95cfe943ba7e6ed08#rd,2020/2/24 22:11
91,这个95后，闯进金银潭！,http://mp.weixin.qq.com/s?__biz=MzA5MjM3MzUxMA==&mid=2655707918&idx=1&sn=a18513a89ad63ba1c76ac3a23278e550&chksm=8bd05467bca7dd715000505210c3388a8aa9f53a19454c69d0f31b42a31e0396bddf2a6497ee#rd,2020/2/24 17:38
92,痛悼！孝感市中心医院黄文军校友因感染新冠肺炎殉职,http://mp.weixin.qq.com/s?__biz=MzA5MjM3MzUxMA==&mid=2655707909&idx=1&sn=463f42e5e47d1708d517f8cc7ffc7022&chksm=8bd0546cbca7dd7a887bafc20f1fb73b179286c9e2515d6015a7ddcba211e7f4e51efef85b84#rd,2020/2/24 12:38
93,致，疫情里每一位伟大的普通人,http://mp.weixin.qq.com/s?__biz=MzA5MjM3MzUxMA==&mid=2655707900&idx=1&sn=871c6b194710805fd29a10d695b355d4&chksm=8bd05595bca7dc835b9498bac447848fa653591b8523444a786fe3906fb82f33d70d84391ae5#rd,2020/2/24 9:32
94,15位武大师生的“封城”日记,http://mp.weixin.qq.com/s?__biz=MzA5MjM3MzUxMA==&mid=2655707898&idx=1&sn=0a7d7e410b49207b05dc7fe69add8d6e&chksm=8bd05593bca7dc85ad9f5693d00f0693aad51910c0449d0d9617fdececfbdcfa47c93da302ce#rd,2020/2/23 22:20
95,每一场生死拉锯战，都要挺住！,http://mp.weixin.qq.com/s?__biz=MzA5MjM3MzUxMA==&mid=2655707884&idx=1&sn=e3de205addbee9d7bb4e87c5130b76ad&chksm=8bd05585bca7dc93d4ac2d7e0255e9634c022d8dc40e9333aea795925af78b57281e749b4cb3#rd,2020/2/23 18:17
96,调查14省98县104村发现，这个问题很紧迫,http://mp.weixin.qq.com/s?__biz=MzA5MjM3MzUxMA==&mid=2655707876&idx=1&sn=7c46e7c1511d44ab88b557cb09d64456&chksm=8bd0558dbca7dc9b19717cedf0869ab4ed1475eca56aee6ca93b743a17fe3b4e8d2311dbfdb5#rd,2020/2/23 12:57
97,这首歌，刷爆武大人的朋友圈,http://mp.weixin.qq.com/s?__biz=MzA5MjM3MzUxMA==&mid=2655707868&idx=1&sn=8dcfc0ba8fdd3ba1ea2575cd88f95985&chksm=8bd055b5bca7dca3a8e39fbc7d69322c821102c67c1d0e9db4f14a199ee4f5fab75361297dab#rd,2020/2/23 9:11
98,两个权威榜单今日揭晓：武大一个第三，一个第一！,http://mp.weixin.qq.com/s?__biz=MzA5MjM3MzUxMA==&mid=2655707853&idx=1&sn=2c2d2ec01c8a2b110f17193bd8b30c51&chksm=8bd055a4bca7dcb2e5c6e714b479fb93385e09e9a01838340753f047e4b81ad3dc42dcb4d9b4#rd,2020/2/22 21:40
99,9150，尽锐出战！,http://mp.weixin.qq.com/s?__biz=MzA5MjM3MzUxMA==&mid=2655707845&idx=1&sn=5d3ceb8a2462c4f5f42b61f0356fde80&chksm=8bd055acbca7dcba872c2262489dc8d2245195f20d719874860b65c3a1eaecc4e069ddd1b844#rd,2020/2/22 19:30
,title,link,create_time
0,这一次，真的很想“珈”,http://mp.weixin.qq.com/s?__biz=MzA5MjM3MzUxMA==&mid=2655707839&idx=1&sn=dab289d1a62265502695086c6668a5be&chksm=8bd055d6bca7dcc0db6995918d12630120e804b4459b1b449639415a39257a308f2d21871fe2#rd,2020/2/22 15:59
1,硬核！“徒手”安装心脏临时起搏器,http://mp.weixin.qq.com/s?__biz=MzA5MjM3MzUxMA==&mid=2655707834&idx=1&sn=ea2446626365b8f3e9ef91ccd4908794&chksm=8bd055d3bca7dcc50dbfb09d618e819d3f94da94362e3214e4073b313f9a30d25fd451e5a56b#rd,2020/2/22 12:16
2,战“疫”微视频 | 越是艰险越向前！,http://mp.weixin.qq.com/s?__biz=MzA5MjM3MzUxMA==&mid=2655707832&idx=1&sn=270161599f912978fb27f0a849d42209&chksm=8bd055d1bca7dcc74dca5fc0359c50e8efba1a4c942b1df7e0726025660f716aef52729e37bc#rd,2020/2/22 9:13
3,30个日夜，280万件物资，12000多公里，只为守护你！,http://mp.weixin.qq.com/s?__biz=MzA5MjM3MzUxMA==&mid=2655707826&idx=1&sn=be9878473d333a3b899eaac831142ff9&chksm=8bd055dbbca7dccd853515d2068c8cffabd2c92e6bab26b5339a0567cb7b3ad3d6788661b60e#rd,2020/2/21 21:20
4,7个瞬间,http://mp.weixin.qq.com/s?__biz=MzA5MjM3MzUxMA==&mid=2655707800&idx=1&sn=edc28ad73b37623820f15a3cd0191585&chksm=8bd055f1bca7dce7f0a5eec8eec66b5cf8f230405925b8e5fc2755e5ee3051ec03e048e6e6d4#rd,2020/2/21 17:52
5,开讲：中国最早有关瘟疫的记载是什么？古代是怎样应对疫情的？,http://mp.weixin.qq.com/s?__biz=MzA5MjM3MzUxMA==&mid=2655707783&idx=1&sn=41c65bb32c42a6f00f0e3e16ca23f2f4&chksm=8bd055eebca7dcf85f2c82ad00be205f11c17bb705c1aca84d9ec037ff023d6010ce5dbbd878#rd,2020/2/21 14:17
6,战“疫” | @中国民航大学，明天会更好,http://mp.weixin.qq.com/s?__biz=MzA5MjM3MzUxMA==&mid=2655707781&idx=1&sn=ed1da911b115398b0c7a22c1b11892c0&chksm=8bd055ecbca7dcfacb2a40ad97c6445381dab12459d695f2199e34be01f614ab119abf0d399a#rd,2020/2/21 12:00
7,今日出分！,http://mp.weixin.qq.com/s?__biz=MzA5MjM3MzUxMA==&mid=2655707775&idx=1&sn=f2454263de798f2d4a43a46179d57f40&chksm=8bd05516bca7dc00296f7ba82e5bed1902c491cc3249ebb9cd4c599446e582e14a31085e5abc#rd,2020/2/21 8:39
8,181吨！,http://mp.weixin.qq.com/s?__biz=MzA5MjM3MzUxMA==&mid=2655707756&idx=1&sn=d0ee3f77dc65c7c8a67413fbbe034242&chksm=8bd05505bca7dc1345812f34de191b7a45a1f7f1570f4858271ba225ef44406459a412839c07#rd,2020/2/20 22:51
9,关注 | 跟《焦点访谈》记者“探秘”武昌“方舱医院”,http://mp.weixin.qq.com/s?__biz=MzA5MjM3MzUxMA==&mid=2655707735&idx=1&sn=306116f5831bf18a3376b735c2c5e853&chksm=8bd0553ebca7dc28adef24a332e59616530745a25c36a0186849a409c7234f853b9ab01873d6#rd,2020/2/20 17:34
10,她，第一个公开质疑核酸检测可靠性,http://mp.weixin.qq.com/s?__biz=MzA5MjM3MzUxMA==&mid=2655707716&idx=1&sn=5b6a772b1ffd42075d2ffbd1f488111d&chksm=8bd0552dbca7dc3b362c3b91463b252c5d469f3d715ad36608c205b59629e6eb09b09eb0df15#rd,2020/2/20 13:48
11,珞珈山：@喻家山，必胜！,http://mp.weixin.qq.com/s?__biz=MzA5MjM3MzUxMA==&mid=2655707705&idx=1&sn=6d02d64577d44c240be1588ac412a97b&chksm=8bd05550bca7dc46e32b773517294a6ed5f0c18b40d14e15cd431da05d86d709f9b4e41c41cd#rd,2020/2/20 9:15
12,这个“宝藏”书单，你肯定需要！,http://mp.weixin.qq.com/s?__biz=MzA5MjM3MzUxMA==&mid=2655707703&idx=1&sn=19571dcc0e243f0a9e4353e1763ed498&chksm=8bd0555ebca7dc48e619ee803751193c3b1fc48d087bac588cb322c11262a9fe3fe07181e5bd#rd,2020/2/19 20:30
13,振奋！雷神山首批患者出院,http://mp.weixin.qq.com/s?__biz=MzA5MjM3MzUxMA==&mid=2655707700&idx=1&sn=30a80f64f6aaa40078473558e27f6938&chksm=8bd0555dbca7dc4bfdccfcbddf2e3f862cbdf59c2168a6ea3e20a98c38b110e1f8c3e9d2a2fd#rd,2020/2/19 16:13
14,定了！武大考研成绩发布时间及复查方法,http://mp.weixin.qq.com/s?__biz=MzA5MjM3MzUxMA==&mid=2655707697&idx=1&sn=ff9a0c04616a17b44b3ea1ac65067e57&chksm=8bd05558bca7dc4e01f773a9e77600817468e990de6823a9512ef1fd19b7cd2ab58dccefac61#rd,2020/2/19 12:58
15,关注 | 白岩松连线武大校长窦贤康,http://mp.weixin.qq.com/s?__biz=MzA5MjM3MzUxMA==&mid=2655707688&idx=1&sn=9710f56c10f135c16e4e1d7b02cd455f&chksm=8bd05541bca7dc57b26bbff23b265364307296835b371180e70df73c0d4d3864e4922a7815d5#rd,2020/2/19 10:13
16,这支MV，暖！爆！啦！,http://mp.weixin.qq.com/s?__biz=MzA5MjM3MzUxMA==&mid=2655707666&idx=1&sn=6e2c4e88819efbc91c205d8e069bf3ba&chksm=8bd0557bbca7dc6d1fa702c4d7e07ba3ee6d68a56bdc78d75e3f566a1194bf370320a4a12438#rd,2020/2/18 22:29
17,从昨天开始，武大人都在做这件事！,http://mp.weixin.qq.com/s?__biz=MzA5MjM3MzUxMA==&mid=2655707662&idx=1&sn=094b351372319f14f7c01ed7bf18f6ae&chksm=8bd05567bca7dc71d8abc2885ee6365d3b5c837dc9f1efbeae8cc6621761b011b11a36dfade2#rd,2020/2/18 20:01
18,痛悼！武昌医院院长刘智明校友因感染新冠肺炎殉职,http://mp.weixin.qq.com/s?__biz=MzA5MjM3MzUxMA==&mid=2655707654&idx=1&sn=a478895e355f1925c8b7c5ceb2d9cbf8&chksm=8bd0556fbca7dc79e88b82eba6fa287976cf599d498b9697d564214e23acd67d439fb2b25a4c#rd,2020/2/18 17:17
19,泪目了，一段没有录完的视频 | 战“疫”故事,http://mp.weixin.qq.com/s?__biz=MzA5MjM3MzUxMA==&mid=2655707640&idx=1&sn=735f91ab069f2b19bda9929127b2d7ce&chksm=8bd05691bca7df87dde88de1cfe45a7349db4d297884bc3bb03fbacf52cd994ad974be9f64ef#rd,2020/2/18 14:35
20,@中国，你有一份祝福待查收,http://mp.weixin.qq.com/s?__biz=MzA5MjM3MzUxMA==&mid=2655707618&idx=1&sn=b19b7d203b1ecb2a5c7534de9a8d09eb&chksm=8bd0568bbca7df9dcb3fcbc9817770d89d16749a9eb8517f255bdd4ee17433a3b02f7ee715a0#rd,2020/2/18 9:22
21,好消息！雷神山医院院长：疫情拐点已经到来,http://mp.weixin.qq.com/s?__biz=MzA5MjM3MzUxMA==&mid=2655707614&idx=1&sn=34918f9329a97c3e8c219134acbdbf48&chksm=8bd056b7bca7dfa1d1fff1f0eba49f27ef243c21a7988bccc49c8464221c68a67235581147e5#rd,2020/2/17 21:08
22,珞珈青年在一线|战“疫”故事,http://mp.weixin.qq.com/s?__biz=MzA5MjM3MzUxMA==&mid=2655707608&idx=1&sn=951d0d3ed23201f1bfd84963c03dfa5c&chksm=8bd056b1bca7dfa74b7a91292f28e017b6aeb287e0ad1735a8f86481026bc7e36edfd3abd77b#rd,2020/2/17 19:04
23,书单 | 在书香里，等待回“珈”的那一天,http://mp.weixin.qq.com/s?__biz=MzA5MjM3MzUxMA==&mid=2655707607&idx=1&sn=7468f7a754a1fbf058f3e0fb38416b62&chksm=8bd056bebca7dfa8199134088bca0d23c4680a55fb70890561546c7353d515f0008bb9345813#rd,2020/2/17 16:27
24,谁感染了你？面对传染病，人类的武器是什么？准备上课！,http://mp.weixin.qq.com/s?__biz=MzA5MjM3MzUxMA==&mid=2655707603&idx=1&sn=a7df318a3ecd572960008cf383f0a0f7&chksm=8bd056babca7dfac5822c62a85045e4cbacc0616d4abc33589f2bf65b177ab58a675650f21b7#rd,2020/2/17 12:50
25,战“疫”故事 | “盲穿”大血管、上ECMO，与死神抢人，拼了！,http://mp.weixin.qq.com/s?__biz=MzA5MjM3MzUxMA==&mid=2655707598&idx=1&sn=a2c54d8f97fb50cbd14921d171805d53&chksm=8bd056a7bca7dfb16b5c79b5de7fa1f7640322a6c89f7563f3785a4981844509f3f341b05090#rd,2020/2/17 9:35
26,战“疫”故事 | 今天的主人公，是一个武大女生,http://mp.weixin.qq.com/s?__biz=MzA5MjM3MzUxMA==&mid=2655707596&idx=1&sn=7505951bdd9f0fd6f6af25bc8ae21fec&chksm=8bd056a5bca7dfb34e36fc64fac76cff07efbe58cc3414cf8635dfb8efa75891835fb9aa9aef#rd,2020/2/16 20:56
27,武汉大学关于延期开学期间本科教学工作的有关解答,http://mp.weixin.qq.com/s?__biz=MzA5MjM3MzUxMA==&mid=2655707583&idx=1&sn=bb12f82dade8887b45a6d6fe2fdfa570&chksm=8bd056d6bca7dfc05f7a1b957df6505e6282e11c638184577edf9066c97c42ae8f80d158bdb6#rd,2020/2/16 15:35
28,战“疫”故事 | “我们坚守，能保护更多的姐妹！”,http://mp.weixin.qq.com/s?__biz=MzA5MjM3MzUxMA==&mid=2655707581&idx=1&sn=4f6f6909e7c4b04b43f799b2baff0b8e&chksm=8bd056d4bca7dfc2b16e6d3f7d028a3e45dd354afa013d3e0e6001bc7411c0c1e27514476624#rd,2020/2/16 12:55
29,战“疫”故事 | “我们坚守，能保护更多的姐妹！”,http://mp.weixin.qq.com/s?__biz=MzA5MjM3MzUxMA==&mid=2655707575&idx=1&sn=cfa6ffa341f1da346bfc8be6f13ac950&chksm=8bd056debca7dfc818763790767c2cbbdd0f2ab0a6d3d07b39a81eedf0126fab588c27a3ed97#rd,2020/2/16 12:46
30,恐慌？焦虑？抑郁？……这些方法试试看,http://mp.weixin.qq.com/s?__biz=MzA5MjM3MzUxMA==&mid=2655707571&idx=1&sn=6ef2bf2964d208bccc4ce1f7d78316d7&chksm=8bd056dabca7dfcc2d49eb0fd8df61193395f4499f7ccf0d5b540c2a57bd6b61d3007337d91b#rd,2020/2/16 9:22
31,珞珈，下雪了,http://mp.weixin.qq.com/s?__biz=MzA5MjM3MzUxMA==&mid=2655707569&idx=1&sn=58388c03b74bc2f401a9950b4fa35d3a&chksm=8bd056d8bca7dfce2d4e6fe275a978190d4faf4f8ca6bdc39f40dbf429cec540a7e1a156be53#rd,2020/2/15 22:35
32,战“疫”故事 | 武昌方舱医院“管家们”的十二时辰,http://mp.weixin.qq.com/s?__biz=MzA5MjM3MzUxMA==&mid=2655707552&idx=1&sn=551ae9e8f10e554923abc06d64a18645&chksm=8bd056c9bca7dfdf1f0504876f568f77b485b0237a91660601c0770df667efee45433940dd44#rd,2020/2/15 15:12
33,战“疫”故事 | 一人，三天，一套疫情防控与病情监测系统出炉！,http://mp.weixin.qq.com/s?__biz=MzA5MjM3MzUxMA==&mid=2655707536&idx=1&sn=2afd69febf863fca7f09debdbec035fd&chksm=8bd056f9bca7dfefeb25c2d8ba5b80ee6bf4e7573db60bdfb8651536748f8a267ccd299ddb21#rd,2020/2/15 12:00
34,战“疫”故事 | 迎难而上，坚守“保障线”！,http://mp.weixin.qq.com/s?__biz=MzA5MjM3MzUxMA==&mid=2655707526&idx=1&sn=a0775707b482b38b24ec37654e7f7126&chksm=8bd056efbca7dff9df36693ea7af862702b8950f432c34d1fd1ff76c9ec13d30df6ec601698a#rd,2020/2/15 9:08
35,这一仗，为爱而战,http://mp.weixin.qq.com/s?__biz=MzA5MjM3MzUxMA==&mid=2655707524&idx=1&sn=2a13773dbc070b58e83d71b7b6e584a6&chksm=8bd056edbca7dffba94e4e6bd5f01bbc28d52a07ec72f6a78f01a78f7646e65d60f9b6a804d8#rd,2020/2/14 21:48
36,有你比翼，“逆行”何惧,http://mp.weixin.qq.com/s?__biz=MzA5MjM3MzUxMA==&mid=2655707510&idx=1&sn=736d7d043b9fbb313cd9f429a860e507&chksm=8bd0561fbca7df094be5846c40cd3f92ecc949a60cd0bb21d09135ea322a94d0641102bad8c2#rd,2020/2/14 18:39
37,这里是雷神山！,http://mp.weixin.qq.com/s?__biz=MzA5MjM3MzUxMA==&mid=2655707504&idx=1&sn=88d6585d5802885ad07f15a85760270f&chksm=8bd05619bca7df0f2db94ff08c1e323d6946451c717d12baedadbaf86f3a327d09423bf52d43#rd,2020/2/14 15:48
38,名家齐发声，手书援武汉,http://mp.weixin.qq.com/s?__biz=MzA5MjM3MzUxMA==&mid=2655707493&idx=1&sn=39eb0a1789a2da786256f9f7049ecaac&chksm=8bd0560cbca7df1a0216aa7328939979a575401eb5f6c0f65d4a4addef0bcb10fb6b1e95ed2e#rd,2020/2/14 12:51
39,看，涓滴汇海的中国力量！,http://mp.weixin.qq.com/s?__biz=MzA5MjM3MzUxMA==&mid=2655707488&idx=1&sn=f8d64440517da283fe05f4ff217eef33&chksm=8bd05609bca7df1fdd7a3999f6b06344240c72f01b865200ef38fbf8c2fda446ac0989d81856#rd,2020/2/14 9:21
40,共同战”疫“！陈东升校友今天再发动员倡议,http://mp.weixin.qq.com/s?__biz=MzA5MjM3MzUxMA==&mid=2655707481&idx=1&sn=d9b2da1133725e7944e7f3d013d3269e&chksm=8bd05630bca7df26ef4c7acf3e6d31f34a1de0b0bc9b97bdc0d9c33b1daf637472a4951c0947#rd,2020/2/13 21:58
41,重磅 | 张元珍团队揭示SARS-CoV-2不会发生垂直传播,http://mp.weixin.qq.com/s?__biz=MzA5MjM3MzUxMA==&mid=2655707471&idx=1&sn=ed7c05397a5b5fd26e002cb7145091de&chksm=8bd05626bca7df30fb488f0e9ccffa4cb409dc62ef6b30ae9b046c635904196a42a7defd6dfe#rd,2020/2/13 17:38
42,武大辅导员： 用心战“疫”，关爱学生，我们上！,http://mp.weixin.qq.com/s?__biz=MzA5MjM3MzUxMA==&mid=2655707451&idx=1&sn=6b432ca39f55c7638cc89bd0a3031d8b&chksm=8bd05652bca7df4419b65d64c87efd328b25c62defc530da019522233433ad2556465ba86bd8#rd,2020/2/13 13:31
43,@备考党，“心理诊断”良方来相助,http://mp.weixin.qq.com/s?__biz=MzA5MjM3MzUxMA==&mid=2655707441&idx=1&sn=b945c2e6d214632787ad148d37d95bc9&chksm=8bd05658bca7df4efbdbf19a7ab8deafdd3cac46304d654461d3447dc20691cb16bbe6478482#rd,2020/2/13 9:30
44,高考延迟？返校隔离？复试延期？……答案告诉你,http://mp.weixin.qq.com/s?__biz=MzA5MjM3MzUxMA==&mid=2655707435&idx=1&sn=705e38fde96161394ae9e6f64f2b7bc8&chksm=8bd05642bca7df5409cab1ca1cafa1cee53e69ae57eb565b86532c8f2927cc0af753d058da31#rd,2020/2/12 20:26
45,延迟开学？“云上”会议系统使用起来,http://mp.weixin.qq.com/s?__biz=MzA5MjM3MzUxMA==&mid=2655707428&idx=1&sn=ba0a407376b66bd5bc5bad401396fde5&chksm=8bd0564dbca7df5b719198a401f28948eb0e9869f0e1531fb555f06ebc304b6d2079ab9af878#rd,2020/2/12 16:12
46,这些要求，请一定严格做到！,http://mp.weixin.qq.com/s?__biz=MzA5MjM3MzUxMA==&mid=2655707404&idx=1&sn=d958f60ebfe089302105820c30be29b3&chksm=8bd05665bca7df73680710c4708b3e272008fa6e58441511def10ea641bba3de54a2bf870f7e#rd,2020/2/12 13:26
47,@高三学子，武大招办来信请查收！,http://mp.weixin.qq.com/s?__biz=MzA5MjM3MzUxMA==&mid=2655707394&idx=1&sn=5ccdeeae5070c3f14395cd3b0ad5364c&chksm=8bd0566bbca7df7d066262ede62518eb051a8a3ae0fb37bbf57d2ab7f9d8e580604aead77358#rd,2020/2/12 9:17
48,热泪 | 听“武汉伢”唱一曲《武汉伢》,http://mp.weixin.qq.com/s?__biz=MzA5MjM3MzUxMA==&mid=2655707390&idx=1&sn=194dbcb3d01797930ee5ce4b724215dc&chksm=8bd05797bca7de81c1ae931de84545b7bf8d27c7f81afa8fc94012fccdc79de63d74f3848424#rd,2020/2/11 21:41
49,武昌方舱医院首批28名轻症患者，出舱！,http://mp.weixin.qq.com/s?__biz=MzA5MjM3MzUxMA==&mid=2655707386&idx=1&sn=660c5054523fdbbd9e6b1dcd1f9a3a1a&chksm=8bd05793bca7de852706cece5c015dd9527700262b35ef5da7ac6b9107f2c868858c08fafacf#rd,2020/2/11 18:45
50,读完这篇“搜神记”，毕业论文有救了,http://mp.weixin.qq.com/s?__biz=MzA5MjM3MzUxMA==&mid=2655707376&idx=1&sn=5a7b4fac2eebbf0e5a005e06c4b330b2&chksm=8bd05799bca7de8f9ac28bf785cc47015c6709a0313c54d27537e11ddcdd036569850bd9f4d4#rd,2020/2/11 14:01
51,最美“校花”的应援！加油，樱花！,http://mp.weixin.qq.com/s?__biz=MzA5MjM3MzUxMA==&mid=2655707375&idx=1&sn=816550d8419eace63af343e0e5bf5543&chksm=8bd05786bca7de908e9076944c656fd76919f9308c7a6d58be76825e1b30df047826df311555#rd,2020/2/11 11:36
52,战“疫”故事 | 24岁女研究生的治愈历程,http://mp.weixin.qq.com/s?__biz=MzA5MjM3MzUxMA==&mid=2655707371&idx=1&sn=4fcd6766ba7d97536834228e65921400&chksm=8bd05782bca7de9404c113fcf7761e05954e680f1f49548fe903a4dcb43c4ee8a95d42e5c6b7#rd,2020/2/11 9:29
53,请收下，这份武大人助攻的“战时”方言“密码本”,http://mp.weixin.qq.com/s?__biz=MzA5MjM3MzUxMA==&mid=2655707369&idx=1&sn=1d6af1d351ca93dd2ab87eeaf6179349&chksm=8bd05780bca7de96eb45a818d0b72600d07c950df453161bd59e59e3b52add2e33e5769814fe#rd,2020/2/10 21:38
54,武汉最大“方舱医院”运转有序,http://mp.weixin.qq.com/s?__biz=MzA5MjM3MzUxMA==&mid=2655707346&idx=1&sn=03798b3fa2b776492e5206ef6a9e07b4&chksm=8bd057bbbca7dead09b0ec7212a4c068a2245c8e45fd3748af8549f6c60774914e50aa90fec5#rd,2020/2/10 18:33
55,武大口腔医院提醒：牙疼怎么办？在线问诊！,http://mp.weixin.qq.com/s?__biz=MzA5MjM3MzUxMA==&mid=2655707332&idx=1&sn=fadebdfe33fbda42df91a9e88594d413&chksm=8bd057adbca7debb93ae392a9e425e794edcc32a5c4fe59cf282b9ec0ab34d675f7d381c4af3#rd,2020/2/10 15:55
56,战“疫”故事 | 一位新冠肺炎“自愈”护士的独白,http://mp.weixin.qq.com/s?__biz=MzA5MjM3MzUxMA==&mid=2655707327&idx=1&sn=3479e055fcca1b65486178f4ac174185&chksm=8bd057d6bca7dec06e3494a98155852ee75a92a163f64211662d6d3bc25877f62b316553cf3f#rd,2020/2/10 13:16
57,重要公告，请查收！,http://mp.weixin.qq.com/s?__biz=MzA5MjM3MzUxMA==&mid=2655707319&idx=1&sn=8d609f32ac4eb3b28962522542e95d01&chksm=8bd057debca7dec8c0eb169971989a61fe1efc30057f0fe5f6dd7a1640d3d0d1e09588207600#rd,2020/2/10 9:11
58,@师生家长，校园管理非常举措来了,http://mp.weixin.qq.com/s?__biz=MzA5MjM3MzUxMA==&mid=2655707318&idx=1&sn=ac104155614e101fc5c1b31eee57a93f&chksm=8bd057dfbca7dec9775cb87ef95365cf400e7f990cb15cd4df1b5f10c087bbe7de6eefba9098#rd,2020/2/9 21:30
59,谁是张继先？,http://mp.weixin.qq.com/s?__biz=MzA5MjM3MzUxMA==&mid=2655707313&idx=1&sn=8a99b85d92c8d3c5c6b7f58f907c5075&chksm=8bd057d8bca7dece2a61cbb80e12e58382d19b98e63b81a9f33a5a5a385689130d4478b14b0f#rd,2020/2/9 19:20
60,武大中南医院全面接管雷神山！,http://mp.weixin.qq.com/s?__biz=MzA5MjM3MzUxMA==&mid=2655707308&idx=1&sn=90037025406887ad075ee7b9af4c8ab9&chksm=8bd057c5bca7ded3a1a14b4a3c9a731e96d7286cc230a965556a58c8c071f8545da79febf096#rd,2020/2/9 17:34
61,重磅 | 彭志勇团队首次揭示在武汉的新型冠状病毒感染患者的临床特征,http://mp.weixin.qq.com/s?__biz=MzA5MjM3MzUxMA==&mid=2655707297&idx=1&sn=f43da7f5f91d7f6cadc18962f3e551fc&chksm=8bd057c8bca7dededb7c6397b4604d8b9afade5aaebee50767678fcba9bf30ab682832f92666#rd,2020/2/9 15:59
62,@北京大学，你的助攻已收到,http://mp.weixin.qq.com/s?__biz=MzA5MjM3MzUxMA==&mid=2655707290&idx=1&sn=bfb5ccdb57d6cf7fc694c7ba5e82fec7&chksm=8bd057f3bca7dee53895064b403123f1fbc9fd9bc8ee838a1b27f41625346407a8908bc8bfc6#rd,2020/2/9 13:06
63,赞！墨端起舞凝众志，以笔为马书祝福,http://mp.weixin.qq.com/s?__biz=MzA5MjM3MzUxMA==&mid=2655707256&idx=1&sn=46a4beb920d25a707d6ed16c86f907d6&chksm=8bd05711bca7de079e4c53ab68b4c382880f08f05b80940ef2c05f59678b6f969d8b2467b99e#rd,2020/2/9 9:30
64,“珞珈”味的灯谜，答案是……,http://mp.weixin.qq.com/s?__biz=MzA5MjM3MzUxMA==&mid=2655707251&idx=1&sn=2c36c991c2c34d6a1c257b44be2a82d8&chksm=8bd0571abca7de0cf5e5642af995d2b8b1558477a5fefea31da9459c297534dbf9c505966f9c#rd,2020/2/8 22:20
65,谢谢你，为“珈”里挂起温暖的花灯,http://mp.weixin.qq.com/s?__biz=MzA5MjM3MzUxMA==&mid=2655707249&idx=1&sn=67cfee81b34f460f367f0390484839ad&chksm=8bd05718bca7de0e7bcf41a23a8c865105127498fc0a4ba2353c7fa90d39b434171de903887a#rd,2020/2/8 19:58
66,珞珈的孩子，请一定好好关照自己,http://mp.weixin.qq.com/s?__biz=MzA5MjM3MzUxMA==&mid=2655707233&idx=1&sn=56c24ab88b350fd3620f3fcee268ddd8&chksm=8bd05708bca7de1e4ad94748922459ce526d5b59b41965f9395ed036357b8540857dea7fad1a#rd,2020/2/8 17:26
67,教育部强调：这七件事一定要做好,http://mp.weixin.qq.com/s?__biz=MzA5MjM3MzUxMA==&mid=2655707209&idx=1&sn=ce0d9ef0d6454676b80149c588231785&chksm=8bd05720bca7de3636c1f317064de50277140bebcb606a213b8c74662358f9d70b407c64d5c4#rd,2020/2/8 14:04
68,干货丨封城隔离不停教，居家宅守不停学,http://mp.weixin.qq.com/s?__biz=MzA5MjM3MzUxMA==&mid=2655707182&idx=1&sn=ab3b04bc8771d853fb9d43d885bd5081&chksm=8bd05747bca7de51983a4ec3d7657fc84a68560315d7bb9689cbb910f5c935e8014a4f69496c#rd,2020/2/8 10:29
69,每一帧，都是思念,http://mp.weixin.qq.com/s?__biz=MzA5MjM3MzUxMA==&mid=2655707168&idx=1&sn=21e2b5c47f774d4a521b4a81e4356a2b&chksm=8bd05749bca7de5f12533e074c70c0fcb7fc3ab11b2977e9e3374b9fcfde6b26e161fa384bd9#rd,2020/2/7 21:57
70,战“疫”故事 | 他们，再一次走上“火线”,http://mp.weixin.qq.com/s?__biz=MzA5MjM3MzUxMA==&mid=2655707161&idx=1&sn=4a66814451ce8385f1b90647f7826452&chksm=8bd05770bca7de66d7b9644d438d913bae0aba3b77c9bea39276ec13a177da8a993d7a1a78bc#rd,2020/2/7 18:40
71,泪目 | 这一次，换我来守护你,http://mp.weixin.qq.com/s?__biz=MzA5MjM3MzUxMA==&mid=2655707145&idx=1&sn=9b4c3756e3c04d7904f4811c6a35eabd&chksm=8bd05760bca7de762d249a9d124358d2f8a9d5008613699fab5abb4af953086c55283c3b5db8#rd,2020/2/7 13:15
72,李文亮校友，一路走好,http://mp.weixin.qq.com/s?__biz=MzA5MjM3MzUxMA==&mid=2655707115&idx=1&sn=566aeb8c25b38f58ce19ff613c2ad3c8&chksm=8bd06882bca7e19446e2faf9dc32a1945f5869524731b91a8eabae6d655fea2cf2a50a02c0cc#rd,2020/2/7 10:05
73,暖心 | 千里援同袍,http://mp.weixin.qq.com/s?__biz=MzA5MjM3MzUxMA==&mid=2655707090&idx=1&sn=e0b8274c447bcbf949e9c93caf2da172&chksm=8bd068bbbca7e1ad317845ab1b250ff5aa4214913a9698d05d2e3ffd981f5406e3124715e1b6#rd,2020/2/6 20:34
74,同舟人，誓相随！,http://mp.weixin.qq.com/s?__biz=MzA5MjM3MzUxMA==&mid=2655707081&idx=1&sn=fe7dc31c6b610092337638cbefd2033d&chksm=8bd068a0bca7e1b6ef1a3133db5fa131fc200c757a454587607587439045e0cf22eee0283e0c#rd,2020/2/6 16:43
75,关注 | 重要信息，速收！,http://mp.weixin.qq.com/s?__biz=MzA5MjM3MzUxMA==&mid=2655707071&idx=1&sn=ba717fa082be7a28f03adc1ce0aabd68&chksm=8bd068d6bca7e1c06fad6f49acbb4590931a9712382e0e94a88678c586282054111a166d244f#rd,2020/2/6 12:28
76,战“疫”前线 | 什么样的患者能入住武昌方舱医院？,http://mp.weixin.qq.com/s?__biz=MzA5MjM3MzUxMA==&mid=2655707068&idx=1&sn=90e771bc262c6b9873b386bcd8859104&chksm=8bd068d5bca7e1c3e2cb0e69cf994e44160f2b853329585cdd97334311d14d00ec79635e893f#rd,2020/2/6 10:01
77,致武汉大学校友的感谢信,http://mp.weixin.qq.com/s?__biz=MzA5MjM3MzUxMA==&mid=2655707051&idx=1&sn=adfdeb8a04586bb3df2e0af24ddcfe03&chksm=8bd068c2bca7e1d4bab20e234666e4cd5b60435f4e8af5489be748a6278481cceaab255f2b8e#rd,2020/2/5 20:45
78,关注 | 重要告知，请注意！,http://mp.weixin.qq.com/s?__biz=MzA5MjM3MzUxMA==&mid=2655707044&idx=1&sn=9d35b57a448471a2e0b4c801a0dea06f&chksm=8bd068cdbca7e1db30e2eec437cde4408e740156438f43d17c87d4071087265772d4fb514664#rd,2020/2/5 15:48
79,战”疫“ | 专访援金银潭医院一线重症专家余追,http://mp.weixin.qq.com/s?__biz=MzA5MjM3MzUxMA==&mid=2655707028&idx=1&sn=9df1f6bddbe70053ab4f6ac8540ae50b&chksm=8bd068fdbca7e1eb92cd25089369e7eeb0c0a01caddc180f8d65a12bed0831fe20e1e16955be#rd,2020/2/5 12:00
80,好消息！2例危重型新冠肺炎患者痊愈出院,http://mp.weixin.qq.com/s?__biz=MzA5MjM3MzUxMA==&mid=2655707018&idx=1&sn=f994335d171da7f795844a52f49a8f4e&chksm=8bd068e3bca7e1f50b6b53e73e56963d1783a7817687f25fa90d2fa2728c8550def5d11e3224#rd,2020/2/5 9:15
81,请听！来自瞿弦和先生的祝福！,http://mp.weixin.qq.com/s?__biz=MzA5MjM3MzUxMA==&mid=2655707016&idx=1&sn=e3d078f7e5eb105411766bd19d09fadd&chksm=8bd068e1bca7e1f798234002cf387d462bd9189b740b6721fc915db435b19dae8b72a9e102c0#rd,2020/2/4 21:23
82,硬核丨4架专机100余吨医护物资空降武汉,http://mp.weixin.qq.com/s?__biz=MzA5MjM3MzUxMA==&mid=2655707010&idx=1&sn=addac7cb402f090848cd12bd962e9d62&chksm=8bd068ebbca7e1fd392a0d7b8200cf3208fe46072710d547309d77ecc89260214bf3a7733c4e#rd,2020/2/4 17:48
83,书香 | 课停了，读书不能停,http://mp.weixin.qq.com/s?__biz=MzA5MjM3MzUxMA==&mid=2655706992&idx=1&sn=d5974e2acbe9245048c9d038af45624e&chksm=8bd06819bca7e10f9cfd6589941dec98c710c1e766f4ed0d3e864c5c7fd5275749eec88dc131#rd,2020/2/4 14:05
84,武大人专属的抗疫壁纸，请查收！,http://mp.weixin.qq.com/s?__biz=MzA5MjM3MzUxMA==&mid=2655706977&idx=1&sn=bebe8e1366c8af83ad64b2d11f38efa2&chksm=8bd06808bca7e11e227c348fce3d08c9d3ed88bf490be79ade788d6b5010e6f349053e3c1914#rd,2020/2/4 11:01
85,教育部致全国大学生的一封信,http://mp.weixin.qq.com/s?__biz=MzA5MjM3MzUxMA==&mid=2655706974&idx=1&sn=64ded765cc2f53e5d9df932dd3573cf2&chksm=8bd06837bca7e1217980a924c988c28b57e3a417101b43d4852ac775c255ceba5221bff6bb0d#rd,2020/2/4 8:58
86,最新宣传片 | 武汉莫慌，我们等你,http://mp.weixin.qq.com/s?__biz=MzA5MjM3MzUxMA==&mid=2655706968&idx=1&sn=b4595840b8c1fcb56bd73c3da2ba27cb&chksm=8bd06831bca7e1278c795a5d31047623d76559ce104a93cfa32f98497f17853abc2708d9878c#rd,2020/2/3 22:49
87,直击 | 疫情下的武汉大学,http://mp.weixin.qq.com/s?__biz=MzA5MjM3MzUxMA==&mid=2655706939&idx=1&sn=24f13122a2373585d08dcd4250055954&chksm=8bd06852bca7e14486b08ccc6a0efd7b42e41299162b3ff526599e93283769c0542a8b63bab7#rd,2020/2/3 20:05
88,另一场战“疫”，这绝不是一座城的战斗！,http://mp.weixin.qq.com/s?__biz=MzA5MjM3MzUxMA==&mid=2655706934&idx=1&sn=aafeb43d8bfd1a9fb2d4feee5ddb96c6&chksm=8bd0685fbca7e1494a3aac6e3cdf0b49aa959a9dcca874f0ac7aaa86d1fcb13d46c5bffed732#rd,2020/2/3 16:31
89,郭琴：我的战“疫”故事,http://mp.weixin.qq.com/s?__biz=MzA5MjM3MzUxMA==&mid=2655706930&idx=1&sn=40c3b5ef3db2d621492d26db2bc79f2a&chksm=8bd0685bbca7e14d37018a001ee7a09b7044972418ea82c9fbe4968cc2049df1dca656bc2a18#rd,2020/2/3 13:14
90,加油 | 说了会赢，就一定赢！,http://mp.weixin.qq.com/s?__biz=MzA5MjM3MzUxMA==&mid=2655706918&idx=1&sn=963c6897d431e6574f882d2a0226515b&chksm=8bd0684fbca7e15915055015fe822fedda17d313cf61205beff1e68cb3ee3ab1c881bb0dcaf2#rd,2020/2/3 10:23
91,8岁女儿的一封家书：爸爸的眼神,http://mp.weixin.qq.com/s?__biz=MzA5MjM3MzUxMA==&mid=2655706916&idx=1&sn=8c480cb6d70a242e41eac0583a91eb4c&chksm=8bd0684dbca7e15b72c58a5084f68a6a8f5760a6ed45b4a2fc209b4d44b81d5a5c46b282478a#rd,2020/2/2 21:02
92,央视关注丨危重科医生提示：过度防护没有必要,http://mp.weixin.qq.com/s?__biz=MzA5MjM3MzUxMA==&mid=2655706909&idx=1&sn=d6c2bcb7b9e4e4bd0c372c234ab9a735&chksm=8bd06874bca7e162d8d412d523546850ef8a57d00ef67a29368c38c4681576e4a84382c1d14a#rd,2020/2/2 17:38
93,生死时速 | 从纽约到武汉，一场72小时的援助战“疫”,http://mp.weixin.qq.com/s?__biz=MzA5MjM3MzUxMA==&mid=2655706897&idx=1&sn=9dd75335e5d2edb7251ded998c7e992d&chksm=8bd06878bca7e16e6f68e31d5a6747f5cd27fc31443a5247c507d37f504cd8bfdc91f390f409#rd,2020/2/2 15:10
94,20200202，“武厦”同行,http://mp.weixin.qq.com/s?__biz=MzA5MjM3MzUxMA==&mid=2655706878&idx=1&sn=314a1eb3773e58aa3773317042c6540a&chksm=8bd06997bca7e081787eebd5e34a43b31c8b9b822e9fca64c886914d64c116c0b3aad9eed468#rd,2020/2/2 12:02
95,@whuers，这里有一份心理防护“处方”，请查收！,http://mp.weixin.qq.com/s?__biz=MzA5MjM3MzUxMA==&mid=2655706862&idx=1&sn=5909aa8c70d28fd43e78ee0b02a01d03&chksm=8bd06987bca7e0913f4c6b651051b7316e3ec82c4fbfceaf8a3d56f2d6cba4551031a09666b8#rd,2020/2/2 9:52
96,武大外籍师生：我们留在这里！,http://mp.weixin.qq.com/s?__biz=MzA5MjM3MzUxMA==&mid=2655706856&idx=1&sn=a7fd8d03224dae18814c6f4632f679fb&chksm=8bd06981bca7e0975e6f0642db07e331055792943b1285f481f8256a292e852cd5ee1f41068b#rd,2020/2/1 21:06
97,暖！武汉，请收下这份来自德国的祝福,http://mp.weixin.qq.com/s?__biz=MzA5MjM3MzUxMA==&mid=2655706829&idx=1&sn=b13cc82f8ed50e6646049997b4c61b0c&chksm=8bd069a4bca7e0b2d30e46718a273f850d537de48d60ca928da27bf901272ed095064b80ea22#rd,2020/2/1 16:10
98,点赞 | 17年3次冲在防疫救治最前线的老党员,http://mp.weixin.qq.com/s?__biz=MzA5MjM3MzUxMA==&mid=2655706756&idx=1&sn=ba0890772f68fb9c7393c3b29f18e813&chksm=8bd069edbca7e0fbc24ae1d9250e16d7556ecedbfbc406b4d6b29d737a2fc239b62e6093bc98#rd,2020/2/1 12:05
99,武大战“疫”，每个人都是战士！,http://mp.weixin.qq.com/s?__biz=MzA5MjM3MzUxMA==&mid=2655706754&idx=1&sn=19d1511aede3a824f941437599ec4105&chksm=8bd069ebbca7e0fdf6266f336c033d4461b44dcd9e80c59cc54bee7bf25bfa96161466c814f8#rd,2020/2/1 9:22
,title,link,create_time
0,好消息 | 一家三口感染新冠病毒，今天治愈出院！,http://mp.weixin.qq.com/s?__biz=MzA5MjM3MzUxMA==&mid=2655706741&idx=1&sn=3f474ca7813e033100321c69a21945bb&chksm=8bd0691cbca7e00a1e70bb84ec7a2cff16f85f06a53c8f482af639a8f0d30e8d993102eacd35#rd,2020/1/31 22:08
1,致敬 | 跨越17年的两封请战书,http://mp.weixin.qq.com/s?__biz=MzA5MjM3MzUxMA==&mid=2655706733&idx=1&sn=41cbfeb7939065d7a964c007679fb553&chksm=8bd06904bca7e012106b769ff9b7661ef292ecda753e137fe44b28aafcd55a4a49644f02405f#rd,2020/1/31 20:46
2,关注 | 开学前，武大师生要这样做……,http://mp.weixin.qq.com/s?__biz=MzA5MjM3MzUxMA==&mid=2655706653&idx=1&sn=4a234d2f5470ac00a923f0bef7093a52&chksm=8bd06974bca7e062a57782b13c577ca1d4e420e43342ca12642fcb70bc64252cd5b302eaf654#rd,2020/1/31 11:00
3,这个科室收治75例新冠肺炎患者无医护感染，原因是……,http://mp.weixin.qq.com/s?__biz=MzA5MjM3MzUxMA==&mid=2655706649&idx=1&sn=1851eb2a79c4daf195301a7b01f2d87b&chksm=8bd06970bca7e0669a161445303061d6fd0557c794156a9ea76934c390e0b2c995d0057012d0#rd,2020/1/30 22:27
4,信心 | 全面战“疫”的希望,http://mp.weixin.qq.com/s?__biz=MzA5MjM3MzUxMA==&mid=2655706647&idx=1&sn=c0e33101ac35a1f9b4e3d66fe5458c52&chksm=8bd0697ebca7e0686ea5337c517636d1bdec19480528e38d46d939ffd66bdf0b5b6f96a999c1#rd,2020/1/30 20:28
5,呼吁 | 让我们的战“疫”斗士手中有“武器”,http://mp.weixin.qq.com/s?__biz=MzA5MjM3MzUxMA==&mid=2655706627&idx=1&sn=953a6b037360d1aff73dc8b9a76ce37b&chksm=8bd0696abca7e07cf1570fbea08ba831047bf37d27737bda5a4fbfcaa3f4dfd133f952056395#rd,2020/1/30 18:21
6,在“珈” | 武大留校学生的生活是这样的……,http://mp.weixin.qq.com/s?__biz=MzA5MjM3MzUxMA==&mid=2655706603&idx=1&sn=059d555bf55848008313c2e49df4f3d0&chksm=8bd06a82bca7e3942ef04d72cecef7df6fea722d1cb04c383c8cc551b4975e333534f86cab2a#rd,2020/1/29 19:33
7,坚信 | 武汉，一定会好起来！,http://mp.weixin.qq.com/s?__biz=MzA5MjM3MzUxMA==&mid=2655706571&idx=1&sn=891413a66757bc724960ca81365aa2cc&chksm=8bd06aa2bca7e3b4ce86daf3b6f9b291c8233d4ee4ffc6ed8492664821228ca07328098ede94#rd,2020/1/28 16:18
8,我是武大人 ，我承诺,http://mp.weixin.qq.com/s?__biz=MzA5MjM3MzUxMA==&mid=2655706571&idx=2&sn=2e4b0ce106f6751ed4a619f74ede73a5&chksm=8bd06aa2bca7e3b428448f173c390147adc86c11feeecdbf852cc3f32075fd96839fda48d7c3#rd,2020/1/28 16:18
9,给力丨天下珞珈人，共守一座城！,http://mp.weixin.qq.com/s?__biz=MzA5MjM3MzUxMA==&mid=2655706532&idx=1&sn=318c55c26cbfb526a9c827e0e3aa63f7&chksm=8bd06acdbca7e3dbb56c92ce3583506a157a01b0ab373259cb6e11fd4ee3980b9ee91b7b9037#rd,2020/1/27 20:40
10,这座城，叫“众志成城”！,http://mp.weixin.qq.com/s?__biz=MzA5MjM3MzUxMA==&mid=2655706511&idx=1&sn=8d02bb5fb6ee1e8f1a055ee4586d765a&chksm=8bd06ae6bca7e3f071200839dad1da48fd2a2917b43697368cc50e274baf075b6a9e4312c659#rd,2020/1/26 13:42
11,??重要通告｜武汉大学推迟春季开学时间,http://mp.weixin.qq.com/s?__biz=MzA5MjM3MzUxMA==&mid=2655706511&idx=2&sn=34906710d3abda2d88c12667e1e76a94&chksm=8bd06ae6bca7e3f0539bc30324d31d7451caf437ddccb1735fb3cac0afa305f8666538701813#rd,2020/1/26 13:42
12,武大在此｜祝福武汉，祝福中国！,http://mp.weixin.qq.com/s?__biz=MzA5MjM3MzUxMA==&mid=2655706469&idx=1&sn=7f7c7e2f75a00ea62ea869bdfc51d4ab&chksm=8bd06a0cbca7e31a263376e68a4b45311a08a02524784ff94f25646defb53ad4ffee36d161e9#rd,2020/1/25 10:13
13,“回家” | 你在哪儿，家就在哪儿,http://mp.weixin.qq.com/s?__biz=MzA5MjM3MzUxMA==&mid=2655706460&idx=1&sn=e09346a077b2f0fd6bf9917ce517616c&chksm=8bd06a35bca7e32373a13f2e348fa0de6b6df80fbb70f3ae8d25c89e1a1e4932633109b0db85#rd,2020/1/24 16:14
14,在一起 | 共同守护我们的“城”,http://mp.weixin.qq.com/s?__biz=MzA5MjM3MzUxMA==&mid=2655706451&idx=1&sn=3311fbb20f70634bd5078a1e2ae01e17&chksm=8bd06a3abca7e32cce3cbfa674be1c71ab8bb5e31471b7f921d77d52f61ba40cfbe0274483f0#rd,2020/1/23 21:09
15,致敬 | 武大“逆行者”，不会孤单独行！,http://mp.weixin.qq.com/s?__biz=MzA5MjM3MzUxMA==&mid=2655706432&idx=1&sn=0ba3088088e2966c2471b88a4d66b0f3&chksm=8bd06a29bca7e33f8dfa63debac4b3b4f8a5618eebd3e61de576ee9ed9ae3c9789a7526a47f4#rd,2020/1/22 21:19
16,关注！新型冠状病毒感染的肺炎防护须知,http://mp.weixin.qq.com/s?__biz=MzA5MjM3MzUxMA==&mid=2655706389&idx=1&sn=ad51f096fbf119c2cd1d73942216dda9&chksm=8bd06a7cbca7e36a614b1ff558b3d64db98e462a92b75fea781f0da4f90504a444cdc0429201#rd,2020/1/21 20:43
17,历时18年，武大12位学者编纂一本“长销书”,http://mp.weixin.qq.com/s?__biz=MzA5MjM3MzUxMA==&mid=2655706374&idx=1&sn=8c5f79739bb00305a3d27ed52a924795&chksm=8bd06a6fbca7e379c23a711a07e94398a57eaf3186fc511c0a24a4a3561deee6b496f962fa80#rd,2020/1/20 21:39
18,这个寒假，小武离“珈”出游啦！,http://mp.weixin.qq.com/s?__biz=MzA5MjM3MzUxMA==&mid=2655706363&idx=1&sn=6af656339129cf57715e5253f3a9e1d9&chksm=8bd06b92bca7e28446d3604d01dd3629c2f3ce1bade166e8aacd0df43ef6d235bcbdcb88779d#rd,2020/1/18 16:50
19,@武大人 | 请收下这一波“大拜年”！,http://mp.weixin.qq.com/s?__biz=MzA5MjM3MzUxMA==&mid=2655706353&idx=1&sn=d361439c65c63b9459c2e13cad253d9a&chksm=8bd06b98bca7e28e55a922d06b1457525fe3c93da9b5d4fcbd16f025a2d0ec34bce3366160fc#rd,2020/1/16 22:43
20,最高15万奖助金！武大研究生学霸的世界，原来长这样,http://mp.weixin.qq.com/s?__biz=MzA5MjM3MzUxMA==&mid=2655706334&idx=1&sn=cea281ae40fd1518c46f4e784c5a80af&chksm=8bd06bb7bca7e2a152d42d309bdb02a786148dcb48a976132772e9d98dae904b1309389932d7#rd,2020/1/15 19:32
21,集“武”福，迎新春！,http://mp.weixin.qq.com/s?__biz=MzA5MjM3MzUxMA==&mid=2655706317&idx=1&sn=efa80a1cf27e676d382e9c63cb5a4a8e&chksm=8bd06ba4bca7e2b297524aee37bd15252b661ca2548be88c8248c810c5a3d3071d441e98318b#rd,2020/1/14 18:31
22,寒假攻略，来了！,http://mp.weixin.qq.com/s?__biz=MzA5MjM3MzUxMA==&mid=2655706308&idx=1&sn=aa65d6f4904fac227aa5bb1555c99303&chksm=8bd06badbca7e2bb35f44ca5b25f01cfe228e4faeb44a9fed0919e8556015328d783f8163370#rd,2020/1/13 18:44
23,武汉大学举行“不忘初心、牢记使命”主题教育总结大会,http://mp.weixin.qq.com/s?__biz=MzA5MjM3MzUxMA==&mid=2655706286&idx=1&sn=aea97cecda458bbca05c745b8f790bb7&chksm=8bd06bc7bca7e2d17330ff7a2fcc7a3105abf8afd7a6f1cbdd09f56b383ebd16bf634c778035#rd,2020/1/12 21:41
24,祝贺！武大再获国家科技进步一等奖,http://mp.weixin.qq.com/s?__biz=MzA5MjM3MzUxMA==&mid=2655706270&idx=1&sn=21d7c5d3f5aab5f29aaa5fb5072420f9&chksm=8bd06bf7bca7e2e1cb674b1fd4f181cfd74e17c8a3b778d1f204fc6deea96e50366a4c2e4b68#rd,2020/1/10 12:24
25,回眸2019，那些逝去的武大星辰……,http://mp.weixin.qq.com/s?__biz=MzA5MjM3MzUxMA==&mid=2655706259&idx=1&sn=d63045fe0ab9947e4b8bf985860e84bf&chksm=8bd06bfabca7e2ecde4bc68a6dac65ee905c33e16d5b92f234e1cf8667cc6fa2271a2d7d25bf#rd,2020/1/9 17:48
26,2位诺奖得主都来了，这个论坛好！高！端！,http://mp.weixin.qq.com/s?__biz=MzA5MjM3MzUxMA==&mid=2655706257&idx=1&sn=eba07496878eeba2c1ea6bba18181b4b&chksm=8bd06bf8bca7e2ee1a7d6f6f2a493f70e530489b0b6feaeb1cb57ef682d95d97465b4a76b8c6#rd,2020/1/8 18:26
27,今天，请向他们道一声感谢！,http://mp.weixin.qq.com/s?__biz=MzA5MjM3MzUxMA==&mid=2655706244&idx=1&sn=676ab9f13c4a11d1ae43ee4db2852b1a&chksm=8bd06bedbca7e2fbef963bdbf74180300c60f6da6fe874fd63de94ecbbd41b81b8a110e7e7f4#rd,2020/1/7 18:39
28,全员保研！这又是武大哪个“神仙寝室”？,http://mp.weixin.qq.com/s?__biz=MzA5MjM3MzUxMA==&mid=2655706229&idx=1&sn=111c61efd2bff4b35e1880a7be0c355a&chksm=8bd06b1cbca7e20a77342f5adaf829b9670e598189f18a6cf8b4649264af9a3fe49406db3285#rd,2020/1/6 17:28
29,什么是武大人的初心？答案在这里！,http://mp.weixin.qq.com/s?__biz=MzA5MjM3MzUxMA==&mid=2655706224&idx=1&sn=bd217f311a8c8f1c1325895be656c9bc&chksm=8bd06b19bca7e20f101f184241c86bdd1aca847ace8497cee482b936ee2e35173e731259f59e#rd,2020/1/5 18:33
30,看！这里有群“擦亮星星”的人,http://mp.weixin.qq.com/s?__biz=MzA5MjM3MzUxMA==&mid=2655706222&idx=1&sn=4fce6366bc3cb17be4acadebbe14e914&chksm=8bd06b07bca7e21118e67b395b34e1bfc16f99d7471a7b9051dbaec2ef256e8747ae379bec68#rd,2020/1/4 18:51
31,珞珈月历，上新了！,http://mp.weixin.qq.com/s?__biz=MzA5MjM3MzUxMA==&mid=2655706215&idx=1&sn=819f1f921c1dd9b7358cba5479d26a71&chksm=8bd06b0ebca7e218ae0df37faec4d3b672f34beea997002c53b3c1fff478c72a439db49d6658#rd,2020/1/2 20:30
